area;ponto;long;lat;coleta;data;month
7q;P1;-47.72804;-14.13119;1;10/09/2024;set24
7q;P1;-47.72804;-14.13119;2;22/11/2024;nov24
7q;P1;-47.72804;-14.13119;3;01/02/2025;fev25
7q;P1;-47.72804;-14.13119;4;06/06/2025;jun25
7q;P1;-47.72804;-14.13119;5;01/09/2025;set25
7q;P1;-47.72804;-14.13119;6;04/12/2025;dez25
7q;P2;-47.72753;-14.13074;1;10/09/2024;set24
7q;P2;-47.72753;-14.13074;2;22/11/2024;nov24
7q;P2;-47.72753;-14.13074;3;01/02/2025;fev25
7q;P2;-47.72753;-14.13074;4;06/06/2025;jun25
7q;P2;-47.72753;-14.13074;5;01/09/2025;set25
7q;P2;-47.72753;-14.13074;6;04/12/2025;dez25
7q;P3;-47.72691;-14.12993;1;10/09/2024;set24
7q;P3;-47.72691;-14.12993;2;22/11/2024;nov24
7q;P3;-47.72691;-14.12993;3;01/02/2025;fev25
7q;P3;-47.72691;-14.12993;4;06/06/2025;jun25
7q;P3;-47.72691;-14.12993;5;01/09/2025;set25
7q;P3;-47.72691;-14.12993;6;04/12/2025;dez25
7q;P4;-47.72625;-14.12948;1;10/09/2024;set24
7q;P4;-47.72625;-14.12948;2;22/11/2024;nov24
7q;P4;-47.72625;-14.12948;3;01/02/2025;fev25
7q;P4;-47.72625;-14.12948;4;06/06/2025;jun25
7q;P4;-47.72625;-14.12948;5;01/09/2025;set25
7q;P4;-47.72625;-14.12948;6;04/12/2025;dez25
7q;P5;-47.72552;-14.12901;1;10/09/2024;set24
7q;P5;-47.72552;-14.12901;2;22/11/2024;nov24
7q;P5;-47.72552;-14.12901;3;01/02/2025;fev25
7q;P5;-47.72552;-14.12901;4;06/06/2025;jun25
7q;P5;-47.72552;-14.12901;5;01/09/2025;set25
7q;P5;-47.72552;-14.12901;6;04/12/2025;dez25
7q;P6;-47.72504;-14.12872;1;10/09/2024;set24
7q;P6;-47.72504;-14.12872;2;22/11/2024;nov24
7q;P6;-47.72504;-14.12872;3;01/02/2025;fev25
7q;P6;-47.72504;-14.12872;4;06/06/2025;jun25
7q;P6;-47.72504;-14.12872;5;01/09/2025;set25
7q;P6;-47.72504;-14.12872;6;04/12/2025;dez25
7q;P7;-47.72484;-14.12856;1;10/09/2024;set24
7q;P7;-47.72484;-14.12856;2;22/11/2024;nov24
7q;P7;-47.72484;-14.12856;3;01/02/2025;fev25
7q;P7;-47.72484;-14.12856;4;06/06/2025;jun25
7q;P7;-47.72484;-14.12856;5;01/09/2025;set25
7q;P7;-47.72484;-14.12856;6;04/12/2025;dez25
7q;P8;-47.72441;-14.12824;1;10/09/2024;set24
7q;P8;-47.72441;-14.12824;2;22/11/2024;nov24
7q;P8;-47.72441;-14.12824;3;01/02/2025;fev25
7q;P8;-47.72441;-14.12824;4;06/06/2025;jun25
7q;P8;-47.72441;-14.12824;5;01/09/2025;set25
7q;P8;-47.72441;-14.12824;6;04/12/2025;dez25
7q;P9;-47.72365;-14.12771;1;10/09/2024;set24
7q;P9;-47.72365;-14.12771;2;22/11/2024;nov24
7q;P9;-47.72365;-14.12771;3;01/02/2025;fev25
7q;P9;-47.72365;-14.12771;4;06/06/2025;jun25
7q;P9;-47.72365;-14.12771;5;01/09/2025;set25
7q;P9;-47.72365;-14.12771;6;04/12/2025;dez25
7q;P10;-47.72343;-14.12769;1;10/09/2024;set24
7q;P10;-47.72343;-14.12769;2;22/11/2024;nov24
7q;P10;-47.72343;-14.12769;3;01/02/2025;fev25
7q;P10;-47.72343;-14.12769;4;06/06/2025;jun25
7q;P10;-47.72343;-14.12769;5;01/09/2025;set25
7q;P10;-47.72343;-14.12769;6;04/12/2025;dez25
bbt;P10;-47.64837;-14.10383;1;06/09/2024;set24
bbt;P10;-47.64837;-14.10383;2;26/11/2024;nov24
bbt;P10;-47.64837;-14.10383;3;04/02/2025;fev25
bbt;P10;-47.64837;-14.10383;4;04/06/2025;jun25
bbt;P10;-47.64837;-14.10383;5;04/09/2025;set25
bbt;P10;-47.64837;-14.10383;6;06/12/2025;dez25
bbt;P9;-47.64828;-14.1039;1;06/09/2024;set24
bbt;P9;-47.64828;-14.1039;2;26/11/2024;nov24
bbt;P9;-47.64828;-14.1039;3;04/02/2025;fev25
bbt;P9;-47.64828;-14.1039;4;04/06/2025;jun25
bbt;P9;-47.64828;-14.1039;5;04/09/2025;set25
bbt;P9;-47.64828;-14.1039;6;06/12/2025;dez25
bbt;P8;-47.64811;-14.104;1;06/09/2024;set24
bbt;P8;-47.64811;-14.104;2;26/11/2024;nov24
bbt;P8;-47.64811;-14.104;3;04/02/2025;fev25
bbt;P8;-47.64811;-14.104;4;04/06/2025;jun25
bbt;P8;-47.64811;-14.104;5;04/09/2025;set25
bbt;P8;-47.64811;-14.104;6;06/12/2025;dez25
bbt;P7;-47.64791;-14.1042;1;06/09/2024;set24
bbt;P7;-47.64791;-14.1042;2;26/11/2024;nov24
bbt;P7;-47.64791;-14.1042;3;04/02/2025;fev25
bbt;P7;-47.64791;-14.1042;4;04/06/2025;jun25
bbt;P7;-47.64791;-14.1042;5;04/09/2025;set25
bbt;P7;-47.64791;-14.1042;6;06/12/2025;dez25
bbt;P6;-47.64771;-14.10462;1;06/09/2024;set24
bbt;P6;-47.64771;-14.10462;2;26/11/2024;nov24
bbt;P6;-47.64771;-14.10462;3;04/02/2025;fev25
bbt;P6;-47.64771;-14.10462;4;04/06/2025;jun25
bbt;P6;-47.64771;-14.10462;5;04/09/2025;set25
bbt;P6;-47.64771;-14.10462;6;06/12/2025;dez25
bbt;P5;-47.64753;-14.10477;1;06/09/2024;set24
bbt;P5;-47.64753;-14.10477;2;26/11/2024;nov24
bbt;P5;-47.64753;-14.10477;3;04/02/2025;fev25
bbt;P5;-47.64753;-14.10477;4;04/06/2025;jun25
bbt;P5;-47.64753;-14.10477;5;04/09/2025;set25
bbt;P5;-47.64753;-14.10477;6;06/12/2025;dez25
bbt;P4;-47.64791;-14.10533;1;06/09/2024;set24
bbt;P4;-47.64791;-14.10533;2;26/11/2024;nov24
bbt;P4;-47.64791;-14.10533;3;04/02/2025;fev25
bbt;P4;-47.64791;-14.10533;4;04/06/2025;jun25
bbt;P4;-47.64791;-14.10533;5;04/09/2025;set25
bbt;P4;-47.64791;-14.10533;6;06/12/2025;dez25
bbt;P3;-47.64637;-14.10608;1;06/09/2024;set24
bbt;P3;-47.64637;-14.10608;2;26/11/2024;nov24
bbt;P3;-47.64637;-14.10608;3;04/02/2025;fev25
bbt;P3;-47.64637;-14.10608;4;04/06/2025;jun25
bbt;P3;-47.64637;-14.10608;5;04/09/2025;set25
bbt;P3;-47.64637;-14.10608;6;06/12/2025;dez25
cr;P10;-47.74233;-14.2728;1;12/09/2024;set24
cr;P10;-47.74233;-14.2728;2;24/11/2024;nov24
cr;P10;-47.74233;-14.2728;3;05/02/2025;fev25
cr;P10;-47.74233;-14.2728;4;07/06/2025;jun25
cr;P10;-47.74233;-14.2728;5;03/09/2025;set25
cr;P10;-47.74233;-14.2728;6;07/12/2025;dez25
cr;P9;-47.74237;-14.27295;1;12/09/2024;set24
cr;P9;-47.74237;-14.27295;2;24/11/2024;nov24
cr;P9;-47.74237;-14.27295;3;05/02/2025;fev25
cr;P9;-47.74237;-14.27295;4;07/06/2025;jun25
cr;P9;-47.74237;-14.27295;5;03/09/2025;set25
cr;P9;-47.74237;-14.27295;6;07/12/2025;dez25
cr;P8;-47.7424;-14.27316;1;12/09/2024;set24
cr;P8;-47.7424;-14.27316;2;24/11/2024;nov24
cr;P8;-47.7424;-14.27316;3;05/02/2025;fev25
cr;P8;-47.7424;-14.27316;4;07/06/2025;jun25
cr;P8;-47.7424;-14.27316;5;03/09/2025;set25
cr;P8;-47.7424;-14.27316;6;07/12/2025;dez25
cr;P7;-47.74238;-14.27336;1;12/09/2024;set24
cr;P7;-47.74238;-14.27336;2;24/11/2024;nov24
cr;P7;-47.74238;-14.27336;3;05/02/2025;fev25
cr;P7;-47.74238;-14.27336;4;07/06/2025;jun25
cr;P7;-47.74238;-14.27336;5;03/09/2025;set25
cr;P7;-47.74238;-14.27336;6;07/12/2025;dez25
cr;P6;-47.74242;-14.27355;1;12/09/2024;set24
cr;P6;-47.74242;-14.27355;2;24/11/2024;nov24
cr;P6;-47.74242;-14.27355;3;05/02/2025;fev25
cr;P6;-47.74242;-14.27355;4;07/06/2025;jun25
cr;P6;-47.74242;-14.27355;5;03/09/2025;set25
cr;P6;-47.74242;-14.27355;6;07/12/2025;dez25
cr;P5;-47.74245;-14.27379;1;12/09/2024;set24
cr;P5;-47.74245;-14.27379;2;24/11/2024;nov24
cr;P5;-47.74245;-14.27379;3;05/02/2025;fev25
cr;P5;-47.74245;-14.27379;4;07/06/2025;jun25
cr;P5;-47.74245;-14.27379;5;03/09/2025;set25
cr;P5;-47.74245;-14.27379;6;07/12/2025;dez25
cr;P4;-47.74243;-14.274;1;12/09/2024;set24
cr;P4;-47.74243;-14.274;2;24/11/2024;nov24
cr;P4;-47.74243;-14.274;3;05/02/2025;fev25
cr;P4;-47.74243;-14.274;4;07/06/2025;jun25
cr;P4;-47.74243;-14.274;5;03/09/2025;set25
cr;P4;-47.74243;-14.274;6;07/12/2025;dez25
cr;P3;-47.74243;-14.27422;1;12/09/2024;set24
cr;P3;-47.74243;-14.27422;2;24/11/2024;nov24
cr;P3;-47.74243;-14.27422;3;05/02/2025;fev25
cr;P3;-47.74243;-14.27422;4;07/06/2025;jun25
cr;P3;-47.74243;-14.27422;5;03/09/2025;set25
cr;P3;-47.74243;-14.27422;6;07/12/2025;dez25
ing;P10;-47.76458;-14.13476;1;10/09/2024;set24
ing;P10;-47.76458;-14.13476;2;25/11/2024;nov24
ing;P10;-47.76458;-14.13476;3;06/02/2025;fev25
ing;P10;-47.76458;-14.13476;4;08/06/2025;jun25
ing;P10;-47.76458;-14.13476;5;31/08/2025;set25
ing;P10;-47.76458;-14.13476;6;10/12/2025;dez25
ing;P9;-47.7647;-14.1349;1;10/09/2024;set24
ing;P9;-47.7647;-14.1349;2;25/11/2024;nov24
ing;P9;-47.7647;-14.1349;3;06/02/2025;fev25
ing;P9;-47.7647;-14.1349;4;08/06/2025;jun25
ing;P9;-47.7647;-14.1349;5;31/08/2025;set25
ing;P9;-47.7647;-14.1349;6;10/12/2025;dez25
ing;P8;-47.76481;-14.13518;1;10/09/2024;set24
ing;P8;-47.76481;-14.13518;2;25/11/2024;nov24
ing;P8;-47.76481;-14.13518;3;06/02/2025;fev25
ing;P8;-47.76481;-14.13518;4;08/06/2025;jun25
ing;P8;-47.76481;-14.13518;5;31/08/2025;set25
ing;P8;-47.76481;-14.13518;6;10/12/2025;dez25
ing;P7;-47.76501;-14.13558;1;10/09/2024;set24
ing;P7;-47.76501;-14.13558;2;25/11/2024;nov24
ing;P7;-47.76501;-14.13558;3;06/02/2025;fev25
ing;P7;-47.76501;-14.13558;4;08/06/2025;jun25
ing;P7;-47.76501;-14.13558;5;31/08/2025;set25
ing;P7;-47.76501;-14.13558;6;10/12/2025;dez25
ing;P6;-47.76511;-14.1359;1;10/09/2024;set24
ing;P6;-47.76511;-14.1359;2;25/11/2024;nov24
ing;P6;-47.76511;-14.1359;3;06/02/2025;fev25
ing;P6;-47.76511;-14.1359;4;08/06/2025;jun25
ing;P6;-47.76511;-14.1359;5;31/08/2025;set25
ing;P6;-47.76511;-14.1359;6;10/12/2025;dez25
ing;P5;-47.76521;-14.13636;1;10/09/2024;set24
ing;P5;-47.76521;-14.13636;2;25/11/2024;nov24
ing;P5;-47.76521;-14.13636;3;06/02/2025;fev25
ing;P5;-47.76521;-14.13636;4;08/06/2025;jun25
ing;P5;-47.76521;-14.13636;5;31/08/2025;set25
ing;P5;-47.76521;-14.13636;6;10/12/2025;dez25
ing;P4;-47.7653;-14.13679;1;10/09/2024;set24
ing;P4;-47.7653;-14.13679;2;25/11/2024;nov24
ing;P4;-47.7653;-14.13679;3;06/02/2025;fev25
ing;P4;-47.7653;-14.13679;4;08/06/2025;jun25
ing;P4;-47.7653;-14.13679;5;31/08/2025;set25
ing;P4;-47.7653;-14.13679;6;10/12/2025;dez25
ing;P3;-47.76542;-14.13724;1;10/09/2024;set24
ing;P3;-47.76542;-14.13724;2;25/11/2024;nov24
ing;P3;-47.76542;-14.13724;3;06/02/2025;fev25
ing;P3;-47.76542;-14.13724;4;08/06/2025;jun25
ing;P3;-47.76542;-14.13724;5;31/08/2025;set25
ing;P3;-47.76542;-14.13724;6;10/12/2025;dez25
ing;P2;-47.76558;-14.13768;1;10/09/2024;set24
ing;P2;-47.76558;-14.13768;2;25/11/2024;nov24
ing;P2;-47.76558;-14.13768;3;06/02/2025;fev25
ing;P2;-47.76558;-14.13768;4;08/06/2025;jun25
ing;P2;-47.76558;-14.13768;5;31/08/2025;set25
ing;P2;-47.76558;-14.13768;6;10/12/2025;dez25
ing;P1;-47.76559;-14.13796;1;10/09/2024;set24
ing;P1;-47.76559;-14.13796;2;25/11/2024;nov24
ing;P1;-47.76559;-14.13796;3;06/02/2025;fev25
ing;P1;-47.76559;-14.13796;4;08/06/2025;jun25
ing;P1;-47.76559;-14.13796;5;31/08/2025;set25
ing;P1;-47.76559;-14.13796;6;10/12/2025;dez25
vvt;P1;-47.56929;-14.18212;1;11/09/2024;set24
vvt;P1;-47.56929;-14.18212;2;27/11/2024;nov24
vvt;P1;-47.56929;-14.18212;3;03/02/2025;fev25
vvt;P1;-47.56929;-14.18212;4;05/06/2025;jun25
vvt;P1;-47.56929;-14.18212;5;02/09/2025;set25
vvt;P1;-47.56929;-14.18212;6;10/12/2025;dez25
vvt;P2;-47.5698;-14.18192;1;11/09/2024;set24
vvt;P2;-47.5698;-14.18192;2;27/11/2024;nov24
vvt;P2;-47.5698;-14.18192;3;03/02/2025;fev25
vvt;P2;-47.5698;-14.18192;4;05/06/2025;jun25
vvt;P2;-47.5698;-14.18192;5;02/09/2025;set25
vvt;P2;-47.5698;-14.18192;6;10/12/2025;dez25
vvt;P3;-47.57012;-14.18179;1;11/09/2024;set24
vvt;P3;-47.57012;-14.18179;2;27/11/2024;nov24
vvt;P3;-47.57012;-14.18179;3;03/02/2025;fev25
vvt;P3;-47.57012;-14.18179;4;05/06/2025;jun25
vvt;P3;-47.57012;-14.18179;5;02/09/2025;set25
vvt;P3;-47.57012;-14.18179;6;10/12/2025;dez25
vvt;P4;-47.57049;-14.1817;1;11/09/2024;set24
vvt;P4;-47.57049;-14.1817;2;27/11/2024;nov24
vvt;P4;-47.57049;-14.1817;3;03/02/2025;fev25
vvt;P4;-47.57049;-14.1817;4;05/06/2025;jun25
vvt;P4;-47.57049;-14.1817;5;02/09/2025;set25
vvt;P4;-47.57049;-14.1817;6;10/12/2025;dez25
vvt;P5;-47.57077;-14.18157;1;11/09/2024;set24
vvt;P5;-47.57077;-14.18157;2;27/11/2024;nov24
vvt;P5;-47.57077;-14.18157;3;03/02/2025;fev25
vvt;P5;-47.57077;-14.18157;4;05/06/2025;jun25
vvt;P5;-47.57077;-14.18157;5;02/09/2025;set25
vvt;P5;-47.57077;-14.18157;6;10/12/2025;dez25
vvt;P6;-47.57112;-14.18148;1;11/09/2024;set24
vvt;P6;-47.57112;-14.18148;2;27/11/2024;nov24
vvt;P6;-47.57112;-14.18148;3;03/02/2025;fev25
vvt;P6;-47.57112;-14.18148;4;05/06/2025;jun25
vvt;P6;-47.57112;-14.18148;5;02/09/2025;set25
vvt;P6;-47.57112;-14.18148;6;10/12/2025;dez25
vvt;P7;-47.5714;-14.18145;1;11/09/2024;set24
vvt;P7;-47.5714;-14.18145;2;27/11/2024;nov24
vvt;P7;-47.5714;-14.18145;3;03/02/2025;fev25
vvt;P7;-47.5714;-14.18145;4;05/06/2025;jun25
vvt;P7;-47.5714;-14.18145;5;02/09/2025;set25
vvt;P7;-47.5714;-14.18145;6;10/12/2025;dez25
vvt;P8;-47.5713;-14.18192;1;11/09/2024;set24
vvt;P8;-47.5713;-14.18192;2;27/11/2024;nov24
vvt;P8;-47.5713;-14.18192;3;03/02/2025;fev25
vvt;P8;-47.5713;-14.18192;4;05/06/2025;jun25
vvt;P8;-47.5713;-14.18192;5;02/09/2025;set25
vvt;P8;-47.5713;-14.18192;6;10/12/2025;dez25
vvt;P9;-47.57149;-14.18216;1;11/09/2024;set24
vvt;P9;-47.57149;-14.18216;2;27/11/2024;nov24
vvt;P9;-47.57149;-14.18216;3;03/02/2025;fev25
vvt;P9;-47.57149;-14.18216;4;05/06/2025;jun25
vvt;P9;-47.57149;-14.18216;5;02/09/2025;set25
vvt;P9;-47.57149;-14.18216;6;10/12/2025;dez25
vvt;P10;-47.57159;-14.18261;1;11/09/2024;set24
vvt;P10;-47.57159;-14.18261;2;27/11/2024;nov24
vvt;P10;-47.57159;-14.18261;3;03/02/2025;fev25
vvt;P10;-47.57159;-14.18261;4;05/06/2025;jun25
vvt;P10;-47.57159;-14.18261;5;02/09/2025;set25
vvt;P10;-47.57159;-14.18261;6;10/12/2025;dez25
