acum_1_mes;acum_2_meses;acum_3_meses;acum_4_meses;acum_semana;area;data;month;ponto;precip_dia
2.04;2.04;2.95;7.3;0;7q;10/09/2024;set/24;P1;0
2.04;2.04;2.95;7.3;0;7q;10/09/2024;set/24;P2;0
2.04;2.04;2.95;7.3;0;7q;10/09/2024;set/24;P3;0
2.04;2.04;2.95;7.3;0;7q;10/09/2024;set/24;P4;0
2.04;2.04;2.95;7.3;0;7q;10/09/2024;set/24;P5;0
2.04;2.04;2.95;7.3;0;7q;10/09/2024;set/24;P6;0
2.04;2.04;2.95;7.3;0;7q;10/09/2024;set/24;P7;0
2.04;2.04;2.95;7.3;0;7q;10/09/2024;set/24;P8;0
2.04;2.04;2.95;7.3;0;7q;10/09/2024;set/24;P9;0
2.04;2.04;2.95;7.3;0;7q;10/09/2024;set/24;P10;0
1.9;1.9;2.88;7.45;0.09;bbt;06/09/2024;set/24;P10;0
1.9;1.9;2.88;7.45;0.09;bbt;06/09/2024;set/24;P9;0
1.9;1.9;2.88;7.45;0.09;bbt;06/09/2024;set/24;P8;0
1.9;1.9;2.88;7.45;0.09;bbt;06/09/2024;set/24;P7;0
1.9;1.9;2.88;7.45;0.09;bbt;06/09/2024;set/24;P6;0
1.9;1.9;2.88;7.45;0.09;bbt;06/09/2024;set/24;P5;0
1.9;1.9;2.88;7.45;0.09;bbt;06/09/2024;set/24;P4;0
1.9;1.9;2.88;7.45;0.09;bbt;06/09/2024;set/24;P3;0
1.47;1.47;2.5;6.22;0;cr;12/09/2024;set/24;P10;0
1.47;1.47;2.5;6.22;0;cr;12/09/2024;set/24;P9;0
1.47;1.47;2.5;6.22;0;cr;12/09/2024;set/24;P8;0
1.47;1.47;2.5;6.22;0;cr;12/09/2024;set/24;P7;0
1.47;1.47;2.5;6.22;0;cr;12/09/2024;set/24;P6;0
1.47;1.47;2.5;6.22;0;cr;12/09/2024;set/24;P5;0
1.47;1.47;2.5;6.22;0;cr;12/09/2024;set/24;P4;0
1.47;1.47;2.5;6.22;0;cr;12/09/2024;set/24;P3;0
2.01;2.01;2.89;7.82;0;ing;10/09/2024;set/24;P10;0
2.01;2.01;2.89;7.82;0;ing;10/09/2024;set/24;P9;0
2.01;2.01;2.89;7.82;0;ing;10/09/2024;set/24;P8;0
2.01;2.01;2.89;7.82;0;ing;10/09/2024;set/24;P7;0
2.01;2.01;2.89;7.82;0;ing;10/09/2024;set/24;P6;0
2.01;2.01;2.89;7.82;0;ing;10/09/2024;set/24;P5;0
2.01;2.01;2.89;7.82;0;ing;10/09/2024;set/24;P4;0
2.01;2.01;2.89;7.82;0;ing;10/09/2024;set/24;P3;0
2.01;2.01;2.89;7.82;0;ing;10/09/2024;set/24;P2;0
2.01;2.01;2.89;7.82;0;ing;10/09/2024;set/24;P1;0
1.81;1.81;2.83;7.08;0;vvt;11/09/2024;set/24;P1;0
1.81;1.81;2.83;7.08;0;vvt;11/09/2024;set/24;P2;0
1.81;1.81;2.83;7.08;0;vvt;11/09/2024;set/24;P3;0
1.81;1.81;2.83;7.08;0;vvt;11/09/2024;set/24;P4;0
1.81;1.81;2.83;7.08;0;vvt;11/09/2024;set/24;P5;0
1.81;1.81;2.83;7.08;0;vvt;11/09/2024;set/24;P6;0
1.81;1.81;2.83;7.08;0;vvt;11/09/2024;set/24;P7;0
1.81;1.81;2.83;7.08;0;vvt;11/09/2024;set/24;P8;0
1.81;1.81;2.83;7.08;0;vvt;11/09/2024;set/24;P9;0
1.81;1.81;2.83;7.08;0;vvt;11/09/2024;set/24;P10;0
248.77;349.3;352.79;352.79;60.46;7q;22/11/2024;nov/24;P1;14.4
248.77;349.3;352.79;352.79;60.46;7q;22/11/2024;nov/24;P2;14.4
248.77;349.3;352.79;352.79;60.46;7q;22/11/2024;nov/24;P3;14.4
248.77;349.3;352.79;352.79;60.46;7q;22/11/2024;nov/24;P4;14.4
248.77;349.3;352.79;352.79;60.46;7q;22/11/2024;nov/24;P5;14.4
248.77;349.3;352.79;352.79;60.46;7q;22/11/2024;nov/24;P6;14.4
248.77;349.3;352.79;352.79;60.46;7q;22/11/2024;nov/24;P7;14.4
248.77;349.3;352.79;352.79;60.46;7q;22/11/2024;nov/24;P8;14.4
248.77;349.3;352.79;352.79;60.46;7q;22/11/2024;nov/24;P9;14.4
248.77;349.3;352.79;352.79;60.46;7q;22/11/2024;nov/24;P10;14.4
236.32;364.9;367.53;368.33;56.31;bbt;26/11/2024;nov/24;P10;0
236.32;364.9;367.53;368.33;56.31;bbt;26/11/2024;nov/24;P9;0
236.32;364.9;367.53;368.33;56.31;bbt;26/11/2024;nov/24;P8;0
236.32;364.9;367.53;368.33;56.31;bbt;26/11/2024;nov/24;P7;0
236.32;364.9;367.53;368.33;56.31;bbt;26/11/2024;nov/24;P6;0
236.32;364.9;367.53;368.33;56.31;bbt;26/11/2024;nov/24;P5;0
236.32;364.9;367.53;368.33;56.31;bbt;26/11/2024;nov/24;P4;0
236.32;364.9;367.53;368.33;56.31;bbt;26/11/2024;nov/24;P3;0
254.64;378.52;380.92;381.5;39.35;cr;24/11/2024;nov/24;P10;0
254.64;378.52;380.92;381.5;39.35;cr;24/11/2024;nov/24;P9;0
254.64;378.52;380.92;381.5;39.35;cr;24/11/2024;nov/24;P8;0
254.64;378.52;380.92;381.5;39.35;cr;24/11/2024;nov/24;P7;0
254.64;378.52;380.92;381.5;39.35;cr;24/11/2024;nov/24;P6;0
254.64;378.52;380.92;381.5;39.35;cr;24/11/2024;nov/24;P5;0
254.64;378.52;380.92;381.5;39.35;cr;24/11/2024;nov/24;P4;0
254.64;378.52;380.92;381.5;39.35;cr;24/11/2024;nov/24;P3;0
263.31;377.23;379.86;380.73;32.86;ing;25/11/2024;nov/24;P10;0
263.31;377.23;379.86;380.73;32.86;ing;25/11/2024;nov/24;P9;0
263.31;377.23;379.86;380.73;32.86;ing;25/11/2024;nov/24;P8;0
263.31;377.23;379.86;380.73;32.86;ing;25/11/2024;nov/24;P7;0
263.31;377.23;379.86;380.73;32.86;ing;25/11/2024;nov/24;P6;0
263.31;377.23;379.86;380.73;32.86;ing;25/11/2024;nov/24;P5;0
263.31;377.23;379.86;380.73;32.86;ing;25/11/2024;nov/24;P4;0
263.31;377.23;379.86;380.73;32.86;ing;25/11/2024;nov/24;P3;0
263.31;377.23;379.86;380.73;32.86;ing;25/11/2024;nov/24;P2;0
263.31;377.23;379.86;380.73;32.86;ing;25/11/2024;nov/24;P1;0
216.84;370.54;372.89;374.01;42.57;vvt;27/11/2024;nov/24;P1;0
216.84;370.54;372.89;374.01;42.57;vvt;27/11/2024;nov/24;P2;0
216.84;370.54;372.89;374.01;42.57;vvt;27/11/2024;nov/24;P3;0
216.84;370.54;372.89;374.01;42.57;vvt;27/11/2024;nov/24;P4;0
216.84;370.54;372.89;374.01;42.57;vvt;27/11/2024;nov/24;P5;0
216.84;370.54;372.89;374.01;42.57;vvt;27/11/2024;nov/24;P6;0
216.84;370.54;372.89;374.01;42.57;vvt;27/11/2024;nov/24;P7;0
216.84;370.54;372.89;374.01;42.57;vvt;27/11/2024;nov/24;P8;0
216.84;370.54;372.89;374.01;42.57;vvt;27/11/2024;nov/24;P9;0
216.84;370.54;372.89;374.01;42.57;vvt;27/11/2024;nov/24;P10;0
263.27;466.34;706.45;858.68;40.82;7q;01/02/2025;fev/25;P1;0
263.27;466.34;706.45;858.68;40.82;7q;01/02/2025;fev/25;P2;0
263.27;466.34;706.45;858.68;40.82;7q;01/02/2025;fev/25;P3;0
263.27;466.34;706.45;858.68;40.82;7q;01/02/2025;fev/25;P4;0
263.27;466.34;706.45;858.68;40.82;7q;01/02/2025;fev/25;P5;0
263.27;466.34;706.45;858.68;40.82;7q;01/02/2025;fev/25;P6;0
263.27;466.34;706.45;858.68;40.82;7q;01/02/2025;fev/25;P7;0
263.27;466.34;706.45;858.68;40.82;7q;01/02/2025;fev/25;P8;0
263.27;466.34;706.45;858.68;40.82;7q;01/02/2025;fev/25;P9;0
263.27;466.34;706.45;858.68;40.82;7q;01/02/2025;fev/25;P10;0
250.42;451.56;693.56;870.02;63.26;bbt;04/02/2025;fev/25;P10;0
250.42;451.56;693.56;870.02;63.26;bbt;04/02/2025;fev/25;P9;0
250.42;451.56;693.56;870.02;63.26;bbt;04/02/2025;fev/25;P8;0
250.42;451.56;693.56;870.02;63.26;bbt;04/02/2025;fev/25;P7;0
250.42;451.56;693.56;870.02;63.26;bbt;04/02/2025;fev/25;P6;0
250.42;451.56;693.56;870.02;63.26;bbt;04/02/2025;fev/25;P5;0
250.42;451.56;693.56;870.02;63.26;bbt;04/02/2025;fev/25;P4;0
250.42;451.56;693.56;870.02;63.26;bbt;04/02/2025;fev/25;P3;0
269.61;470.86;739.57;906.79;62.32;cr;05/02/2025;fev/25;P10;0
269.61;470.86;739.57;906.79;62.32;cr;05/02/2025;fev/25;P9;0
269.61;470.86;739.57;906.79;62.32;cr;05/02/2025;fev/25;P8;0
269.61;470.86;739.57;906.79;62.32;cr;05/02/2025;fev/25;P7;0
269.61;470.86;739.57;906.79;62.32;cr;05/02/2025;fev/25;P6;0
269.61;470.86;739.57;906.79;62.32;cr;05/02/2025;fev/25;P5;0
269.61;470.86;739.57;906.79;62.32;cr;05/02/2025;fev/25;P4;0
269.61;470.86;739.57;906.79;62.32;cr;05/02/2025;fev/25;P3;0
267.17;465.06;676.56;892.61;55.16;ing;06/02/2025;fev/25;P10;0
267.17;465.06;676.56;892.61;55.16;ing;06/02/2025;fev/25;P9;0
267.17;465.06;676.56;892.61;55.16;ing;06/02/2025;fev/25;P8;0
267.17;465.06;676.56;892.61;55.16;ing;06/02/2025;fev/25;P7;0
267.17;465.06;676.56;892.61;55.16;ing;06/02/2025;fev/25;P6;0
267.17;465.06;676.56;892.61;55.16;ing;06/02/2025;fev/25;P5;0
267.17;465.06;676.56;892.61;55.16;ing;06/02/2025;fev/25;P4;0
267.17;465.06;676.56;892.61;55.16;ing;06/02/2025;fev/25;P3;0
267.17;465.06;676.56;892.61;55.16;ing;06/02/2025;fev/25;P2;0
267.17;465.06;676.56;892.61;55.16;ing;06/02/2025;fev/25;P1;0
255.81;456.59;713.49;888.88;58.71;vvt;03/02/2025;fev/25;P1;7.81
255.81;456.59;713.49;888.88;58.71;vvt;03/02/2025;fev/25;P2;7.81
255.81;456.59;713.49;888.88;58.71;vvt;03/02/2025;fev/25;P3;7.81
255.81;456.59;713.49;888.88;58.71;vvt;03/02/2025;fev/25;P4;7.81
255.81;456.59;713.49;888.88;58.71;vvt;03/02/2025;fev/25;P5;7.81
255.81;456.59;713.49;888.88;58.71;vvt;03/02/2025;fev/25;P6;7.81
255.81;456.59;713.49;888.88;58.71;vvt;03/02/2025;fev/25;P7;7.81
255.81;456.59;713.49;888.88;58.71;vvt;03/02/2025;fev/25;P8;7.81
255.81;456.59;713.49;888.88;58.71;vvt;03/02/2025;fev/25;P9;7.81
255.81;456.59;713.49;888.88;58.71;vvt;03/02/2025;fev/25;P10;7.81
3.25;102.86;221.86;309.85;0;7q;06/06/2025;jun/25;P1;0
3.25;102.86;221.86;309.85;0;7q;06/06/2025;jun/25;P2;0
3.25;102.86;221.86;309.85;0;7q;06/06/2025;jun/25;P3;0
3.25;102.86;221.86;309.85;0;7q;06/06/2025;jun/25;P4;0
3.25;102.86;221.86;309.85;0;7q;06/06/2025;jun/25;P5;0
3.25;102.86;221.86;309.85;0;7q;06/06/2025;jun/25;P6;0
3.25;102.86;221.86;309.85;0;7q;06/06/2025;jun/25;P7;0
3.25;102.86;221.86;309.85;0;7q;06/06/2025;jun/25;P8;0
3.25;102.86;221.86;309.85;0;7q;06/06/2025;jun/25;P9;0
3.25;102.86;221.86;309.85;0;7q;06/06/2025;jun/25;P10;0
3.98;114.14;241.52;329.65;0;bbt;04/06/2025;jun/25;P10;0
3.98;114.14;241.52;329.65;0;bbt;04/06/2025;jun/25;P9;0
3.98;114.14;241.52;329.65;0;bbt;04/06/2025;jun/25;P8;0
3.98;114.14;241.52;329.65;0;bbt;04/06/2025;jun/25;P7;0
3.98;114.14;241.52;329.65;0;bbt;04/06/2025;jun/25;P6;0
3.98;114.14;241.52;329.65;0;bbt;04/06/2025;jun/25;P5;0
3.98;114.14;241.52;329.65;0;bbt;04/06/2025;jun/25;P4;0
3.98;114.14;241.52;329.65;0;bbt;04/06/2025;jun/25;P3;0
3.14;106.08;205.18;310.75;0;cr;07/06/2025;jun/25;P10;0
3.14;106.08;205.18;310.75;0;cr;07/06/2025;jun/25;P9;0
3.14;106.08;205.18;310.75;0;cr;07/06/2025;jun/25;P8;0
3.14;106.08;205.18;310.75;0;cr;07/06/2025;jun/25;P7;0
3.14;106.08;205.18;310.75;0;cr;07/06/2025;jun/25;P6;0
3.14;106.08;205.18;310.75;0;cr;07/06/2025;jun/25;P5;0
3.14;106.08;205.18;310.75;0;cr;07/06/2025;jun/25;P4;0
3.14;106.08;205.18;310.75;0;cr;07/06/2025;jun/25;P3;0
2.39;113.7;228.98;320;0;ing;08/06/2025;jun/25;P10;0
2.39;113.7;228.98;320;0;ing;08/06/2025;jun/25;P9;0
2.39;113.7;228.98;320;0;ing;08/06/2025;jun/25;P8;0
2.39;113.7;228.98;320;0;ing;08/06/2025;jun/25;P7;0
2.39;113.7;228.98;320;0;ing;08/06/2025;jun/25;P6;0
2.39;113.7;228.98;320;0;ing;08/06/2025;jun/25;P5;0
2.39;113.7;228.98;320;0;ing;08/06/2025;jun/25;P4;0
2.39;113.7;228.98;320;0;ing;08/06/2025;jun/25;P3;0
2.39;113.7;228.98;320;0;ing;08/06/2025;jun/25;P2;0
2.39;113.7;228.98;320;0;ing;08/06/2025;jun/25;P1;0
4.95;128.67;255.75;341.46;0;vvt;05/06/2025;jun/25;P1;0
4.95;128.67;255.75;341.46;0;vvt;05/06/2025;jun/25;P2;0
4.95;128.67;255.75;341.46;0;vvt;05/06/2025;jun/25;P3;0
4.95;128.67;255.75;341.46;0;vvt;05/06/2025;jun/25;P4;0
4.95;128.67;255.75;341.46;0;vvt;05/06/2025;jun/25;P5;0
4.95;128.67;255.75;341.46;0;vvt;05/06/2025;jun/25;P6;0
4.95;128.67;255.75;341.46;0;vvt;05/06/2025;jun/25;P7;0
4.95;128.67;255.75;341.46;0;vvt;05/06/2025;jun/25;P8;0
4.95;128.67;255.75;341.46;0;vvt;05/06/2025;jun/25;P9;0
4.95;128.67;255.75;341.46;0;vvt;05/06/2025;jun/25;P10;0
0;1.52;3.04;6.29;0;7q;01/09/2025;set/25;P1;0
0;1.52;3.04;6.29;0;7q;01/09/2025;set/25;P2;0
0;1.52;3.04;6.29;0;7q;01/09/2025;set/25;P3;0
0;1.52;3.04;6.29;0;7q;01/09/2025;set/25;P4;0
0;1.52;3.04;6.29;0;7q;01/09/2025;set/25;P5;0
0;1.52;3.04;6.29;0;7q;01/09/2025;set/25;P6;0
0;1.52;3.04;6.29;0;7q;01/09/2025;set/25;P7;0
0;1.52;3.04;6.29;0;7q;01/09/2025;set/25;P8;0
0;1.52;3.04;6.29;0;7q;01/09/2025;set/25;P9;0
0;1.52;3.04;6.29;0;7q;01/09/2025;set/25;P10;0
2.03;2.13;5.24;9.21;0;bbt;04/09/2025;set/25;P10;0
2.03;2.13;5.24;9.21;0;bbt;04/09/2025;set/25;P9;0
2.03;2.13;5.24;9.21;0;bbt;04/09/2025;set/25;P8;0
2.03;2.13;5.24;9.21;0;bbt;04/09/2025;set/25;P7;0
2.03;2.13;5.24;9.21;0;bbt;04/09/2025;set/25;P6;0
2.03;2.13;5.24;9.21;0;bbt;04/09/2025;set/25;P5;0
2.03;2.13;5.24;9.21;0;bbt;04/09/2025;set/25;P4;0
2.03;2.13;5.24;9.21;0;bbt;04/09/2025;set/25;P3;0
2.03;2.22;4.9;8.04;0;cr;03/09/2025;set/25;P10;0
2.03;2.22;4.9;8.04;0;cr;03/09/2025;set/25;P9;0
2.03;2.22;4.9;8.04;0;cr;03/09/2025;set/25;P8;0
2.03;2.22;4.9;8.04;0;cr;03/09/2025;set/25;P7;0
2.03;2.22;4.9;8.04;0;cr;03/09/2025;set/25;P6;0
2.03;2.22;4.9;8.04;0;cr;03/09/2025;set/25;P5;0
2.03;2.22;4.9;8.04;0;cr;03/09/2025;set/25;P4;0
2.03;2.22;4.9;8.04;0;cr;03/09/2025;set/25;P3;0
2.32;3.88;5.44;26.08;0;ing;31/08/2025;set/25;P10;0
2.32;3.88;5.44;26.08;0;ing;31/08/2025;set/25;P9;0
2.32;3.88;5.44;26.08;0;ing;31/08/2025;set/25;P8;0
2.32;3.88;5.44;26.08;0;ing;31/08/2025;set/25;P7;0
2.32;3.88;5.44;26.08;0;ing;31/08/2025;set/25;P6;0
2.32;3.88;5.44;26.08;0;ing;31/08/2025;set/25;P5;0
2.32;3.88;5.44;26.08;0;ing;31/08/2025;set/25;P4;0
2.32;3.88;5.44;26.08;0;ing;31/08/2025;set/25;P3;0
2.32;3.88;5.44;26.08;0;ing;31/08/2025;set/25;P2;0
2.32;3.88;5.44;26.08;0;ing;31/08/2025;set/25;P1;0
2.08;3.53;4.96;9.91;0;vvt;02/09/2025;set/25;P1;0
2.08;3.53;4.96;9.91;0;vvt;02/09/2025;set/25;P2;0
2.08;3.53;4.96;9.91;0;vvt;02/09/2025;set/25;P3;0
2.08;3.53;4.96;9.91;0;vvt;02/09/2025;set/25;P4;0
2.08;3.53;4.96;9.91;0;vvt;02/09/2025;set/25;P5;0
2.08;3.53;4.96;9.91;0;vvt;02/09/2025;set/25;P6;0
2.08;3.53;4.96;9.91;0;vvt;02/09/2025;set/25;P7;0
2.08;3.53;4.96;9.91;0;vvt;02/09/2025;set/25;P8;0
2.08;3.53;4.96;9.91;0;vvt;02/09/2025;set/25;P9;0
2.08;3.53;4.96;9.91;0;vvt;02/09/2025;set/25;P10;0
207.48;279.67;284.58;284.58;93.03;7q;04/12/2025;dez/25;P1;0
207.48;279.67;284.58;284.58;93.03;7q;04/12/2025;dez/25;P2;0
207.48;279.67;284.58;284.58;93.03;7q;04/12/2025;dez/25;P3;0
207.48;279.67;284.58;284.58;93.03;7q;04/12/2025;dez/25;P4;0
207.48;279.67;284.58;284.58;93.03;7q;04/12/2025;dez/25;P5;0
207.48;279.67;284.58;284.58;93.03;7q;04/12/2025;dez/25;P6;0
207.48;279.67;284.58;284.58;93.03;7q;04/12/2025;dez/25;P7;0
207.48;279.67;284.58;284.58;93.03;7q;04/12/2025;dez/25;P8;0
207.48;279.67;284.58;284.58;93.03;7q;04/12/2025;dez/25;P9;0
207.48;279.67;284.58;284.58;93.03;7q;04/12/2025;dez/25;P10;0
241.22;323.48;328.46;330.49;99.91;bbt;06/12/2025;dez/25;P10;41.56
241.22;323.48;328.46;330.49;99.91;bbt;06/12/2025;dez/25;P9;41.56
241.22;323.48;328.46;330.49;99.91;bbt;06/12/2025;dez/25;P8;41.56
241.22;323.48;328.46;330.49;99.91;bbt;06/12/2025;dez/25;P7;41.56
241.22;323.48;328.46;330.49;99.91;bbt;06/12/2025;dez/25;P6;41.56
241.22;323.48;328.46;330.49;99.91;bbt;06/12/2025;dez/25;P5;41.56
241.22;323.48;328.46;330.49;99.91;bbt;06/12/2025;dez/25;P4;41.56
241.22;323.48;328.46;330.49;99.91;bbt;06/12/2025;dez/25;P3;41.56
247.59;321.56;326.79;328.82;94.9;cr;07/12/2025;dez/25;P10;0
247.59;321.56;326.79;328.82;94.9;cr;07/12/2025;dez/25;P9;0
247.59;321.56;326.79;328.82;94.9;cr;07/12/2025;dez/25;P8;0
247.59;321.56;326.79;328.82;94.9;cr;07/12/2025;dez/25;P7;0
247.59;321.56;326.79;328.82;94.9;cr;07/12/2025;dez/25;P6;0
247.59;321.56;326.79;328.82;94.9;cr;07/12/2025;dez/25;P5;0
247.59;321.56;326.79;328.82;94.9;cr;07/12/2025;dez/25;P4;0
247.59;321.56;326.79;328.82;94.9;cr;07/12/2025;dez/25;P3;0
242.39;341.44;349.16;351.48;87.9;ing;10/12/2025;dez/25;P10;0
242.39;341.44;349.16;351.48;87.9;ing;10/12/2025;dez/25;P9;0
242.39;341.44;349.16;351.48;87.9;ing;10/12/2025;dez/25;P8;0
242.39;341.44;349.16;351.48;87.9;ing;10/12/2025;dez/25;P7;0
242.39;341.44;349.16;351.48;87.9;ing;10/12/2025;dez/25;P6;0
242.39;341.44;349.16;351.48;87.9;ing;10/12/2025;dez/25;P5;0
242.39;341.44;349.16;351.48;87.9;ing;10/12/2025;dez/25;P4;0
242.39;341.44;349.16;351.48;87.9;ing;10/12/2025;dez/25;P3;0
242.39;341.44;349.16;351.48;87.9;ing;10/12/2025;dez/25;P2;0
242.39;341.44;349.16;351.48;87.9;ing;10/12/2025;dez/25;P1;0
253.26;339.76;346.85;346.85;91.94;vvt;10/12/2025;dez/25;P1;0
253.26;339.76;346.85;346.85;91.94;vvt;10/12/2025;dez/25;P2;0
253.26;339.76;346.85;346.85;91.94;vvt;10/12/2025;dez/25;P3;0
253.26;339.76;346.85;346.85;91.94;vvt;10/12/2025;dez/25;P4;0
253.26;339.76;346.85;346.85;91.94;vvt;10/12/2025;dez/25;P5;0
253.26;339.76;346.85;346.85;91.94;vvt;10/12/2025;dez/25;P6;0
253.26;339.76;346.85;346.85;91.94;vvt;10/12/2025;dez/25;P7;0
253.26;339.76;346.85;346.85;91.94;vvt;10/12/2025;dez/25;P8;0
253.26;339.76;346.85;346.85;91.94;vvt;10/12/2025;dez/25;P9;0
253.26;339.76;346.85;346.85;91.94;vvt;10/12/2025;dez/25;P10;0
