date;filename;fileSize;dataCount
2024.10.09 16:24:11;C:\Program Files (x86)\Lolly\DATA\data_95331394_2024_10_09_0.csv;49383;910
2024.10.09 16:26:41;C:\Program Files (x86)\Lolly\DATA\data_95331394_2024_10_09_1.csv;49383;910
2024.10.09 16:27:09;C:\Program Files (x86)\Lolly\DATA\data_95331394_2024_10_09_2.csv;49383;910
2024.10.09 16:37:09;C:\Program Files (x86)\Lolly\DATA\data_95331394_2024_10_09_3.csv;49439;911
2024.10.09 16:38:05;C:\Program Files (x86)\Lolly\DATA\data_95331394_2024_10_09_4.csv;161;3
2024.10.09 16:39:09;C:\Program Files (x86)\Lolly\DATA\data_95331395_2024_10_09_0.csv;49515;911
2024.10.09 16:39:45;C:\Program Files (x86)\Lolly\DATA\data_95331396_2024_10_09_0.csv;49412;911
2024.10.09 16:41:17;C:\Program Files (x86)\Lolly\DATA\data_95331390_2024_10_09_0.csv;49283;911
2024.10.09 16:41:36;C:\Program Files (x86)\Lolly\DATA\data_95331389_2024_10_09_0.csv;49292;912
2024.10.09 16:41:51;C:\Program Files (x86)\Lolly\DATA\data_95331388_2024_10_09_0.csv;49563;912
2024.10.09 16:42:07;C:\Program Files (x86)\Lolly\DATA\data_95331387_2024_10_09_0.csv;49463;912
2024.10.09 16:42:20;C:\Program Files (x86)\Lolly\DATA\data_95331386_2024_10_09_0.csv;49516;912
2024.10.09 16:42:56;C:\Program Files (x86)\Lolly\DATA\data_95331385_2024_10_09_0.csv;49490;912
2024.10.09 16:43:14;C:\Program Files (x86)\Lolly\DATA\data_95331384_2024_10_09_0.csv;49388;912
2024.10.09 16:43:27;C:\Program Files (x86)\Lolly\DATA\data_95331383_2024_10_09_0.csv;49435;912
2024.10.09 16:43:48;C:\Program Files (x86)\Lolly\DATA\data_95331382_2024_10_09_0.csv;49507;913
2024.10.09 16:44:01;C:\Program Files (x86)\Lolly\DATA\data_95331381_2024_10_09_0.csv;49533;913
2024.10.09 16:44:37;C:\Program Files (x86)\Lolly\DATA\data_95331381_2024_10_09_1.csv;49533;913
2024.10.09 16:45:08;C:\Program Files (x86)\Lolly\DATA\data_95331381_2024_10_09_2.csv;49595;914
2024.10.09 16:45:46;C:\Program Files (x86)\Lolly\DATA\data_95331371_2024_10_09_0.csv;49642;913
2024.10.09 16:46:04;C:\Program Files (x86)\Lolly\DATA\data_95331372_2024_10_09_0.csv;49564;913
2024.10.09 16:46:15;C:\Program Files (x86)\Lolly\DATA\data_95331373_2024_10_09_0.csv;49537;913
2024.10.09 16:46:29;C:\Program Files (x86)\Lolly\DATA\data_95331374_2024_10_09_0.csv;49402;913
2024.10.09 16:46:44;C:\Program Files (x86)\Lolly\DATA\data_95331375_2024_10_09_0.csv;49548;913
2024.10.09 16:47:13;C:\Program Files (x86)\Lolly\DATA\data_95331376_2024_10_09_0.csv;49468;913
2024.10.09 16:47:38;C:\Program Files (x86)\Lolly\DATA\data_95331377_2024_10_09_0.csv;49573;913
2024.10.09 16:48:06;C:\Program Files (x86)\Lolly\DATA\data_95331378_2024_10_09_0.csv;49527;913
2024.10.09 16:48:19;C:\Program Files (x86)\Lolly\DATA\data_95331379_2024_10_09_0.csv;49458;913
2024.10.09 16:48:42;C:\Program Files (x86)\Lolly\DATA\data_95331380_2024_10_09_0.csv;49575;913
2024.10.09 16:49:57;C:\Program Files (x86)\Lolly\DATA\data_95331391_2024_10_09_0.csv;49667;912
2024.10.09 16:50:08;C:\Program Files (x86)\Lolly\DATA\data_95331392_2024_10_09_0.csv;49693;912
2024.10.09 16:50:21;C:\Program Files (x86)\Lolly\DATA\data_95331393_2024_10_09_0.csv;49555;912
2024.10.31 16:56:48;C:\Program Files (x86)\Lolly\DATA\data_95331390_2024_10_31_0.csv;170627;3024
2024.10.31 17:05:46;C:\Program Files (x86)\Lolly\DATA\data_95331389_2024_10_31_0.csv;170767;3026
2024.10.31 17:10:45;C:\Program Files (x86)\Lolly\DATA\data_95331388_2024_10_31_0.csv;170703;3026
2024.10.31 17:18:51;C:\Program Files (x86)\Lolly\DATA\data_95331387_2024_10_31_0.csv;170955;3027
2024.10.31 17:27:47;C:\Program Files (x86)\Lolly\DATA\data_95331386_2024_10_31_0.csv;171272;3027
2024.11.01 10:21:39;C:\Program Files (x86)\Lolly\DATA\data_95331373_2024_11_01_0.csv;174935;3095
2024.11.01 10:28:51;C:\Program Files (x86)\Lolly\DATA\data_95331372_2024_11_01_0.csv;174906;3095
2024.11.01 10:35:49;C:\Program Files (x86)\Lolly\DATA\data_95331371_2024_11_01_0.csv;175003;3096
2024.11.01 10:46:55;C:\Program Files (x86)\Lolly\DATA\data_95331374_2024_11_01_0.csv;174811;3097
2024.11.01 10:54:51;C:\Program Files (x86)\Lolly\DATA\data_95331375_2024_11_01_0.csv;175123;3097
2024.11.01 13:53:24;C:\Program Files (x86)\Lolly\DATA\data_95331385_2024_11_01_0.csv;175908;3109
2024.11.01 13:59:05;C:\Program Files (x86)\Lolly\DATA\data_95331384_2024_11_01_0.csv;175476;3109
2024.11.01 14:04:53;C:\Program Files (x86)\Lolly\DATA\data_95331383_2024_11_01_0.csv;175542;3110
2024.11.01 14:11:46;C:\Program Files (x86)\Lolly\DATA\data_95331382_2024_11_01_0.csv;175963;3111
2024.11.01 14:29:00;C:\Program Files (x86)\Lolly\DATA\data_95331381_2024_11_01_0.csv;175724;3112
2024.11.01 17:05:12;C:\Program Files (x86)\Lolly\DATA\data_95331380_2024_11_01_0.csv;176439;3122
2024.11.01 17:16:32;C:\Program Files (x86)\Lolly\DATA\data_95331380_2024_11_01_1.csv;176500;3123
2024.11.01 17:19:13;C:\Program Files (x86)\Lolly\DATA\data_95331379_2024_11_01_0.csv;176498;3123
2024.11.01 17:25:46;C:\Program Files (x86)\Lolly\DATA\data_95331378_2024_11_01_0.csv;176100;3123
2024.11.01 17:33:20;C:\Program Files (x86)\Lolly\DATA\data_95331377_2024_11_01_0.csv;176812;3124
2024.11.01 17:39:18;C:\Program Files (x86)\Lolly\DATA\data_95331376_2024_11_01_0.csv;176499;3124
2024.11.02 10:42:23;C:\Program Files (x86)\Lolly\DATA\data_95331391_2024_11_02_0.csv;180732;3191
2024.11.02 10:46:44;C:\Program Files (x86)\Lolly\DATA\data_95331391_2024_11_02_1.csv;180792;3192
2024.11.02 10:49:30;C:\Program Files (x86)\Lolly\DATA\data_95331392_2024_11_02_0.csv;180595;3192
2024.11.02 10:54:27;C:\Program Files (x86)\Lolly\DATA\data_95331393_2024_11_02_0.csv;180596;3192
2024.11.02 10:58:51;C:\Program Files (x86)\Lolly\DATA\data_95331394_2024_11_02_0.csv;180702;3192
2024.11.02 11:04:03;C:\Program Files (x86)\Lolly\DATA\data_95331395_2024_11_02_0.csv;180659;3193
2024.11.23 13:54:03;C:\Program Files (x86)\Lolly\DATA\data_95331379_2024_11_23_0.csv;299074;5221
2024.11.23 14:04:17;C:\Program Files (x86)\Lolly\DATA\data_95331380_2024_11_23_0.csv;204;4
2024.11.23 14:05:03;C:\Program Files (x86)\Lolly\DATA\data_95331380_2024_11_23_1.csv;298763;5222
2024.11.23 14:13:57;C:\Program Files (x86)\Lolly\DATA\data_95331378_2024_11_23_0.csv;298837;5222
2024.11.23 14:20:54;C:\Program Files (x86)\Lolly\DATA\data_95331377_2024_11_23_0.csv;299393;5223
2024.11.23 14:30:57;C:\Program Files (x86)\Lolly\DATA\data_95331376_2024_11_23_0.csv;298981;5224
2024.11.24 11:21:46;C:\Program Files (x86)\Lolly\DATA\data_95331391_2024_11_24_0.csv;304360;5306
2024.11.24 11:29:54;C:\Program Files (x86)\Lolly\DATA\data_95331392_2024_11_24_0.csv;304346;5307
2024.11.24 11:32:52;C:\Program Files (x86)\Lolly\DATA\data_95331393_2024_11_24_0.csv;304151;5307
2024.11.24 11:36:43;C:\Program Files (x86)\Lolly\DATA\data_95331394_2024_11_24_0.csv;304236;5307
2024.11.24 11:41:45;C:\Program Files (x86)\Lolly\DATA\data_95331395_2024_11_24_0.csv;304132;5307
2024.11.25 12:10:05;C:\Program Files (x86)\Lolly\DATA\data_95331381_2024_11_25_0.csv;309809;5407
2024.11.25 12:17:16;C:\Program Files (x86)\Lolly\DATA\data_95331382_2024_11_25_0.csv;310354;5408
2024.11.25 12:22:57;C:\Program Files (x86)\Lolly\DATA\data_95331383_2024_11_25_0.csv;309891;5407
2024.11.25 12:27:35;C:\Program Files (x86)\Lolly\DATA\data_95331384_2024_11_25_0.csv;309983;5407
2024.11.25 12:32:05;C:\Program Files (x86)\Lolly\DATA\data_95331385_2024_11_25_0.csv;310372;5408
2024.11.26 12:01:14;C:\Program Files (x86)\Lolly\DATA\data_95331386_2024_11_26_0.csv;315939;5502
2024.11.26 12:07:44;C:\Program Files (x86)\Lolly\DATA\data_95331387_2024_11_26_0.csv;315730;5502
2024.11.26 12:13:18;C:\Program Files (x86)\Lolly\DATA\data_95331388_2024_11_26_0.csv;315398;5502
2024.11.26 12:20:21;C:\Program Files (x86)\Lolly\DATA\data_95331389_2024_11_26_0.csv;315593;5503
2024.11.26 12:24:09;C:\Program Files (x86)\Lolly\DATA\data_95331390_2024_11_26_0.csv;315400;5502
2024.11.27 10:06:48;C:\Program Files (x86)\Lolly\DATA\data_95331371_2024_11_27_0.csv;320911;5590
2024.11.27 10:27:35;C:\Program Files (x86)\Lolly\DATA\data_95331372_2024_11_27_0.csv;320718;5591
2024.11.27 10:48:23;C:\Program Files (x86)\Lolly\DATA\data_95331373_2024_11_27_0.csv;321040;5593
2024.11.27 11:02:43;C:\Program Files (x86)\Lolly\DATA\data_95331374_2024_11_27_0.csv;320532;5594
2024.11.27 11:22:23;C:\Program Files (x86)\Lolly\DATA\data_95331375_2024_11_27_0.csv;321137;5595
2025.02.01 12:24:15;C:\Program Files (x86)\Lolly\DATA\data_95331390_2025_02_01_0.csv;693256;11934
2025.02.01 12:31:26;C:\Program Files (x86)\Lolly\DATA\data_95331389_2025_02_01_0.csv;693596;11936
2025.02.01 12:37:45;C:\Program Files (x86)\Lolly\DATA\data_95331388_2025_02_01_0.csv;693634;11936
2025.02.01 12:44:35;C:\Program Files (x86)\Lolly\DATA\data_95331387_2025_02_01_0.csv;687847;11937
2025.02.01 12:51:40;C:\Program Files (x86)\Lolly\DATA\data_95331386_2025_02_01_0.csv;693754;11937
2025.02.03 12:54:20;C:\Program Files (x86)\Lolly\DATA\data_95331371_2025_02_03_0.csv;705309;12129
2025.02.03 12:57:44;C:\Program Files (x86)\Lolly\DATA\data_95331372_2025_02_03_0.csv;705608;12129
2025.02.03 13:00:30;C:\Program Files (x86)\Lolly\DATA\data_95331373_2025_02_03_0.csv;705463;12130
2025.02.03 13:05:05;C:\Program Files (x86)\Lolly\DATA\data_95331375_2025_02_03_0.csv;694827;12130
2025.02.03 13:07:28;C:\Program Files (x86)\Lolly\DATA\data_95331374_2025_02_03_0.csv;704512;12130
2025.02.04 11:46:44;C:\Program Files (x86)\Lolly\DATA\data_95331380_2025_02_04_0.csv;710253;12221
2025.02.04 11:58:29;C:\Program Files (x86)\Lolly\DATA\data_95331379_2025_02_04_0.csv;710597;12221
2025.02.04 12:03:18;C:\Program Files (x86)\Lolly\DATA\data_95331378_2025_02_04_0.csv;710271;12222
2025.02.04 12:10:46;C:\Program Files (x86)\Lolly\DATA\data_95331377_2025_02_04_0.csv;710612;12222
2025.02.04 12:29:26;C:\Program Files (x86)\Lolly\DATA\data_95331376_2025_02_04_0.csv;710500;12224
2025.02.05 11:44:24;C:\Program Files (x86)\Lolly\DATA\data_95331395_2025_02_05_0.csv;715336;12316
2025.02.05 11:54:10;C:\Program Files (x86)\Lolly\DATA\data_95331394_2025_02_05_0.csv;716503;12316
2025.02.05 12:01:13;C:\Program Files (x86)\Lolly\DATA\data_95331393_2025_02_05_0.csv;707235;12160
2025.02.05 12:11:42;C:\Program Files (x86)\Lolly\DATA\data_95331392_2025_02_05_0.csv;716851;12318
2025.02.05 12:18:14;C:\Program Files (x86)\Lolly\DATA\data_95331391_2025_02_05_0.csv;716542;12318
2025.02.06 12:04:17;C:\Program Files (x86)\Lolly\DATA\data_95331381_2025_02_06_0.csv;722334;12415
2025.02.06 12:07:23;C:\Program Files (x86)\Lolly\DATA\data_95331382_2025_02_06_0.csv;722029;12415
2025.02.06 12:09:53;C:\Program Files (x86)\Lolly\DATA\data_95331383_2025_02_06_0.csv;721834;12414
2025.02.06 12:12:30;C:\Program Files (x86)\Lolly\DATA\data_95331384_2025_02_06_0.csv;721774;12414
2025.02.06 12:14:50;C:\Program Files (x86)\Lolly\DATA\data_95331385_2025_02_06_0.csv;722497;12415
2025.04.11 15:42:45;C:\Program Files (x86)\Lolly\DATA\data_95331382_2025_04_11_0.csv;1087771;18573
2025.04.11 15:44:30;C:\Program Files (x86)\Lolly\DATA\data_95331384_2025_04_11_0.csv;1087633;18572
2025.04.11 15:46:16;C:\Program Files (x86)\Lolly\DATA\data_95331383_2025_04_11_0.csv;1087661;18573
2025.05.27 11:13:47;C:\Program Files (x86)\Lolly\DATA\data_96561926_2025_05_27_0.csv;79113;1444
2025.05.27 11:17:10;C:\Program Files (x86)\Lolly\DATA\data_96561927_2025_05_27_0.csv;79087;1445
2025.05.27 11:18:25;C:\Program Files (x86)\Lolly\DATA\data_96561930_2025_05_27_0.csv;79014;1445
2025.05.27 11:18:40;C:\Program Files (x86)\Lolly\DATA\data_96561928_2025_05_27_0.csv;78989;1445
2025.05.27 11:18:54;C:\Program Files (x86)\Lolly\DATA\data_96561929_2025_05_27_0.csv;62629;1221
2025.05.27 11:21:44;C:\Program Files (x86)\Lolly\DATA\data_96561929_2025_05_27_1.csv;78903;1445
2025.05.27 11:22:31;C:\Program Files (x86)\Lolly\DATA\data_96561929_2025_05_27_2.csv;78903;1445
2025.05.27 11:22:54;C:\Program Files (x86)\Lolly\DATA\data_96561926_2025_05_27_1.csv;79172;1445
2025.05.27 11:23:08;C:\Program Files (x86)\Lolly\DATA\data_96561926_2025_05_27_2.csv;79172;1445
2025.05.27 11:23:25;C:\Program Files (x86)\Lolly\DATA\data_96561927_2025_05_27_1.csv;79087;1445
2025.05.27 11:23:37;C:\Program Files (x86)\Lolly\DATA\data_96561927_2025_05_27_2.csv;79087;1445
2025.05.27 11:23:53;C:\Program Files (x86)\Lolly\DATA\data_96561930_2025_05_27_1.csv;79014;1445
2025.05.27 11:24:06;C:\Program Files (x86)\Lolly\DATA\data_96561928_2025_05_27_1.csv;78989;1445
2025.05.27 11:25:34;C:\Program Files (x86)\Lolly\DATA\data_96561928_2025_05_27_2.csv;78989;1445
2025.06.03 12:00:18;C:\Program Files (x86)\Lolly\DATA\data_96561930_2025_06_03_0.csv;117754;2120
2025.06.04 11:45:37;C:\Program Files (x86)\Lolly\data\data_95331380_2025_06_04_0.csv;1395901;23741
2025.06.04 11:56:26;C:\Program Files (x86)\Lolly\data\data_95331379_2025_06_04_0.csv;1396122;23741
2025.06.04 12:05:00;C:\Program Files (x86)\Lolly\data\data_95331378_2025_06_04_0.csv;1395229;23742
2025.06.04 12:07:56;C:\Program Files (x86)\Lolly\data\data_95331377_2025_06_04_0.csv;1395858;23742
2025.06.04 12:20:21;C:\Program Files (x86)\Lolly\data\data_95331376_2025_06_04_0.csv;1398375;23744
2025.06.04 12:21:41;C:\Program Files (x86)\Lolly\data\data_95331376_2025_06_04_1.csv;1395935;23744
2025.06.05 12:06:02;C:\Program Files (x86)\Lolly\data\data_95331371_2025_06_05_0.csv;1401148;23838
2025.06.05 12:06:53;C:\Program Files (x86)\Lolly\data\data_95331371_2025_06_05_1.csv;1401148;23838
2025.06.05 12:14:24;C:\Program Files (x86)\Lolly\data\data_95331372_2025_06_05_0.csv;1401681;23838
2025.06.05 12:24:36;C:\Program Files (x86)\Lolly\data\data_95331373_2025_06_05_0.csv;1402299;23839
2025.06.05 12:32:50;C:\Program Files (x86)\Lolly\data\data_95331374_2025_06_05_0.csv;1400770;23840
2025.06.05 12:33:55;C:\Program Files (x86)\Lolly\data\data_95331374_2025_06_05_1.csv;1400770;23840
2025.06.05 12:38:59;C:\Program Files (x86)\Lolly\data\data_95331375_2025_06_05_0.csv;1401767;23840
2025.06.06 12:14:50;C:\Program Files (x86)\Lolly\data\data_95331390_2025_06_06_0.csv;1406622;23934
2025.06.06 12:27:46;C:\Program Files (x86)\Lolly\data\data_95331389_2025_06_06_0.csv;1406683;23935
2025.06.06 12:38:01;C:\Program Files (x86)\Lolly\data\data_95331388_2025_06_06_0.csv;1408164;23936
2025.06.06 12:45:36;C:\Program Files (x86)\Lolly\data\data_95331387_2025_06_06_0.csv;1407281;23938
2025.06.06 12:53:58;C:\Program Files (x86)\Lolly\data\data_95331386_2025_06_06_0.csv;1407202;23937
2025.06.07 12:12:06;C:\Program Files (x86)\Lolly\data\data_95331395_2025_06_07_0.csv;1412584;24030
2025.06.07 12:14:55;C:\Program Files (x86)\Lolly\data\data_95331394_2025_06_07_0.csv;1412821;24030
2025.06.07 12:17:17;C:\Program Files (x86)\Lolly\data\data_95331393_2025_06_07_0.csv;1412739;24030
2025.06.07 12:19:38;C:\Program Files (x86)\Lolly\data\data_95331392_2025_06_07_0.csv;1414046;24031
2025.06.07 12:21:18;C:\Program Files (x86)\Lolly\data\data_95331391_2025_06_07_0.csv;1412963;24030
2025.06.08 10:17:24;C:\Program Files (x86)\Lolly\data\data_96561926_2025_06_08_0.csv;145527;2593
2025.06.08 10:40:06;C:\Program Files (x86)\Lolly\data\data_95331384_2025_06_08_0.csv;1415435;24120
2025.06.08 10:42:39;C:\Program Files (x86)\Lolly\data\data_96561927_2025_06_08_0.csv;145320;2594
2025.06.08 10:55:00;C:\Program Files (x86)\Lolly\data\data_96561928_2025_06_08_0.csv;145445;2595
2025.06.08 10:56:03;C:\Program Files (x86)\Lolly\data\data_95331383_2025_06_08_0.csv;1414987;24121
2025.06.08 11:09:26;C:\Program Files (x86)\Lolly\data\data_96561929_2025_06_08_0.csv;145548;2596
2025.06.08 11:10:28;C:\Program Files (x86)\Lolly\data\data_95331382_2025_06_08_0.csv;1415353;24123
2025.06.08 11:12:01;C:\Program Files (x86)\Lolly\data\data_95331382_2025_06_08_1.csv;1415353;24123
2025.06.08 11:17:34;C:\Program Files (x86)\Lolly\data\data_95331396_2025_06_08_0.csv;1400850;24122
2025.06.09 19:26:48;C:\Program Files (x86)\Lolly\data\data_96561930_2025_06_09_0.csv;640352;11202
2025.06.09 19:27:16;C:\Program Files (x86)\Lolly\data\data_96561930_2025_06_09_1.csv;640352;11202
2025.06.09 19:28:19;C:\Program Files (x86)\Lolly\data\data_96561930_2025_06_09_2.csv;640352;11202
