0;2024.09.30 07:45;4;20.9375;21.1875;21.5;413;202;0;
1;2024.09.30 08:00;4;21.125;21.1875;21.375;413;202;0;
2;2024.09.30 08:15;4;21.25;21.25;21.4375;414;202;0;
3;2024.09.30 08:30;4;21.75;21.75;21.375;414;202;0;
4;2024.09.30 08:45;4;21.375;21.625;21.75;585;202;0;
5;2024.09.30 09:00;4;21.375;21.5625;21.375;578;202;0;
6;2024.09.30 09:15;4;21.375;21.5;21.25;584;202;0;
7;2024.09.30 09:30;4;21.5;21.5625;21.625;584;202;0;
8;2024.09.30 09:45;4;21.5;21.625;21.75;584;202;0;
9;2024.09.30 10:00;4;21.5;21.625;21.75;583;202;0;
10;2024.09.30 10:15;4;21.5;21.625;21.75;583;202;0;
11;2024.09.30 10:30;4;21.5;21.625;21.75;583;202;0;
12;2024.09.30 10:45;4;21.5;21.625;21.625;583;202;0;
13;2024.09.30 11:00;4;21.4375;21.625;21.625;582;202;0;
14;2024.09.30 11:15;4;21.375;21.5625;21.625;582;202;0;
15;2024.09.30 11:30;4;21.375;21.5625;21.625;582;202;0;
16;2024.09.30 11:45;4;21.375;21.5625;21.625;582;202;0;
17;2024.09.30 12:00;4;21.375;21.5625;21.6875;582;202;0;
18;2024.09.30 12:15;4;21.375;21.5625;21.75;582;202;0;
19;2024.09.30 12:30;4;21.375;21.5625;21.75;581;202;0;
20;2024.09.30 12:45;4;21.375;21.5625;21.75;581;202;0;
21;2024.09.30 13:00;4;21.375;21.5625;21.75;581;202;0;
22;2024.09.30 13:15;4;21.3125;21.5;21.25;580;202;0;
23;2024.09.30 13:30;4;21.0625;21.375;20.5;579;202;0;
24;2024.09.30 13:45;4;20.8125;21.125;20.125;577;202;0;
25;2024.09.30 14:00;4;20.625;20.875;19.8125;576;202;0;
26;2024.09.30 14:15;4;20.25;20.625;19.3125;571;202;0;
27;2024.09.30 14:30;4;20.125;20.375;19.125;570;202;0;
28;2024.09.30 14:45;4;19.9375;20.25;18.875;567;202;0;
29;2024.09.30 15:00;4;19.625;20;18.625;566;202;0;
30;2024.09.30 15:15;4;19.3125;19.6875;18.3125;564;202;0;
31;2024.09.30 15:30;4;19;19.375;18;563;202;0;
32;2024.09.30 15:45;4;19;19.25;18.625;562;202;0;
33;2024.09.30 16:00;4;19.0625;19.25;19.25;562;202;0;
34;2024.09.30 16:15;4;19.125;19.3125;19.5625;563;202;0;
35;2024.09.30 16:30;4;19.25;19.375;19.75;564;202;0;
36;2024.09.30 16:45;4;19.25;19.4375;19.875;565;202;0;
37;2024.09.30 17:00;4;19.375;19.5;19.9375;566;202;0;
38;2024.09.30 17:15;4;19.375;19.5;20;566;202;0;
39;2024.09.30 17:30;4;19.375;19.625;20.0625;566;202;0;
40;2024.09.30 17:45;4;19.5;19.625;20.0625;567;202;0;
41;2024.09.30 18:00;4;19.5;19.6875;20.125;567;202;0;
42;2024.09.30 18:15;4;19.5;19.75;20.125;567;202;0;
43;2024.09.30 18:30;4;19.625;19.75;20.125;568;202;0;
44;2024.09.30 18:45;4;19.625;19.75;20.125;568;202;0;
45;2024.09.30 19:00;4;19.625;19.8125;20.125;568;202;0;
46;2024.09.30 19:15;4;19.6875;19.875;20.125;568;202;0;
47;2024.09.30 19:30;4;19.75;19.875;20.125;568;202;0;
48;2024.09.30 19:45;4;19.75;19.875;20.125;568;202;0;
49;2024.09.30 20:00;4;19.75;19.9375;20.125;569;202;0;
50;2024.09.30 20:15;4;19.875;20;20.1875;569;202;0;
51;2024.09.30 20:30;4;19.875;20;20.1875;569;202;0;
52;2024.09.30 20:45;4;19.875;20;20.1875;569;202;0;
53;2024.09.30 21:00;4;19.875;20;20.1875;569;202;0;
54;2024.09.30 21:15;4;19.875;20.0625;20.1875;570;202;0;
55;2024.09.30 21:30;4;19.9375;20.125;20.1875;570;202;0;
56;2024.09.30 21:45;4;20;20.125;20.1875;570;202;0;
57;2024.09.30 22:00;4;20;20.125;20.125;570;202;0;
58;2024.09.30 22:15;4;20;20.125;20.125;570;202;0;
59;2024.09.30 22:30;4;20;20.125;20.0625;570;202;0;
60;2024.09.30 22:45;4;20;20.125;20;570;202;0;
61;2024.09.30 23:00;4;19.9375;20.125;19.9375;570;202;0;
62;2024.09.30 23:15;4;19.9375;20.0625;19.875;570;202;0;
63;2024.09.30 23:30;4;19.875;20;19.8125;570;202;0;
64;2024.09.30 23:45;4;19.875;20.0625;19.75;570;202;0;
65;2024.10.01 00:00;4;19.8125;20;19.6875;569;202;0;
66;2024.10.01 00:15;4;19.8125;20;19.625;569;202;0;
67;2024.10.01 00:30;4;19.75;19.9375;19.5625;569;202;0;
68;2024.10.01 00:45;4;19.75;19.875;19.5;569;202;0;
69;2024.10.01 01:00;4;19.6875;19.875;19.4375;569;202;0;
70;2024.10.01 01:15;4;19.625;19.8125;19.375;568;202;0;
71;2024.10.01 01:30;4;19.625;19.75;19.375;568;202;0;
72;2024.10.01 01:45;4;19.5;19.75;19.25;568;202;0;
73;2024.10.01 02:00;4;19.5;19.625;19.25;568;202;0;
74;2024.10.01 02:15;4;19.375;19.625;19.1875;567;202;0;
75;2024.10.01 02:30;4;19.375;19.5625;19.125;567;202;0;
76;2024.10.01 02:45;4;19.3125;19.5;19.0625;567;202;0;
77;2024.10.01 03:00;4;19.25;19.5;19;566;202;0;
78;2024.10.01 03:15;4;19.1875;19.4375;18.9375;566;202;0;
79;2024.10.01 03:30;4;19.125;19.375;18.875;566;202;0;
80;2024.10.01 03:45;4;19.125;19.3125;18.875;565;202;0;
81;2024.10.01 04:00;4;19;19.25;18.75;565;202;0;
82;2024.10.01 04:15;4;19;19.25;18.75;565;202;0;
83;2024.10.01 04:30;4;18.9375;19.125;18.625;564;202;0;
84;2024.10.01 04:45;4;18.875;19.125;18.625;564;202;0;
85;2024.10.01 05:00;4;18.875;19.0625;18.5625;564;202;0;
86;2024.10.01 05:15;4;18.75;19;18.5;564;202;0;
87;2024.10.01 05:30;4;18.75;18.9375;18.4375;563;202;0;
88;2024.10.01 05:45;4;18.625;18.875;18.375;563;202;0;
89;2024.10.01 06:00;4;18.625;18.875;18.375;563;202;0;
90;2024.10.01 06:15;4;18.5625;18.75;18.3125;562;202;0;
91;2024.10.01 06:30;4;18.5;18.75;18.25;562;202;0;
92;2024.10.01 06:45;4;18.5;18.75;18.25;562;202;0;
93;2024.10.01 07:00;4;18.375;18.625;18.125;562;202;0;
94;2024.10.01 07:15;4;18.375;18.625;18.125;561;202;0;
95;2024.10.01 07:30;4;18.3125;18.5625;18.0625;561;202;0;
96;2024.10.01 07:45;4;18.25;18.5;18;561;202;0;
97;2024.10.01 08:00;4;18.1875;18.4375;18;560;202;0;
98;2024.10.01 08:15;4;18.125;18.375;17.9375;560;202;0;
99;2024.10.01 08:30;4;18.125;18.3125;17.875;560;202;0;
100;2024.10.01 08:45;4;18.0625;18.25;17.875;560;202;0;
101;2024.10.01 09:00;4;18;18.25;17.8125;559;202;0;
102;2024.10.01 09:15;4;18;18.1875;17.75;559;202;0;
103;2024.10.01 09:30;4;17.875;18.125;17.6875;559;202;0;
104;2024.10.01 09:45;4;17.875;18.125;17.625;559;202;0;
105;2024.10.01 10:00;4;17.8125;18.0625;17.625;558;202;0;
106;2024.10.01 10:15;4;17.75;18;17.625;558;202;0;
107;2024.10.01 10:30;4;17.75;17.9375;17.625;558;202;0;
108;2024.10.01 10:45;4;17.6875;17.875;17.625;558;202;0;
109;2024.10.01 11:00;4;17.625;17.875;17.625;557;202;0;
110;2024.10.01 11:15;4;17.625;17.875;17.625;557;202;0;
111;2024.10.01 11:30;4;17.625;17.8125;17.625;557;202;0;
112;2024.10.01 11:45;4;17.5625;17.75;17.625;557;202;0;
113;2024.10.01 12:00;4;17.5625;17.75;17.625;557;202;0;
114;2024.10.01 12:15;4;17.5625;17.75;17.625;557;202;0;
115;2024.10.01 12:30;4;17.5625;17.75;17.625;557;202;0;
116;2024.10.01 12:45;4;17.5;17.75;17.625;557;202;0;
117;2024.10.01 13:00;4;17.5625;17.75;17.6875;557;202;0;
118;2024.10.01 13:15;4;17.5625;17.75;17.6875;557;202;0;
119;2024.10.01 13:30;4;17.5625;17.75;17.6875;557;202;0;
120;2024.10.01 13:45;4;17.5625;17.6875;17.6875;557;202;0;
121;2024.10.01 14:00;4;17.5625;17.6875;17.75;557;202;0;
122;2024.10.01 14:15;4;17.5625;17.75;17.75;557;202;0;
123;2024.10.01 14:30;4;17.5625;17.6875;17.75;557;202;0;
124;2024.10.01 14:45;4;17.625;17.75;17.75;557;202;0;
125;2024.10.01 15:00;4;17.625;17.75;17.75;557;202;0;
126;2024.10.01 15:15;4;17.625;17.75;17.75;557;202;0;
127;2024.10.01 15:30;4;17.625;17.75;17.8125;557;202;0;
128;2024.10.01 15:45;4;17.625;17.75;17.8125;557;202;0;
129;2024.10.01 16:00;4;17.625;17.75;17.8125;557;202;0;
130;2024.10.01 16:15;4;17.625;17.75;17.8125;557;202;0;
131;2024.10.01 16:30;4;17.6875;17.75;17.8125;558;202;0;
132;2024.10.01 16:45;4;17.6875;17.8125;17.8125;558;202;0;
133;2024.10.01 17:00;4;17.6875;17.8125;17.75;558;202;0;
134;2024.10.01 17:15;4;17.6875;17.8125;17.75;558;202;0;
135;2024.10.01 17:30;4;17.6875;17.8125;17.75;558;202;0;
136;2024.10.01 17:45;4;17.75;17.8125;17.75;558;202;0;
137;2024.10.01 18:00;4;17.6875;17.8125;17.625;558;202;0;
138;2024.10.01 18:15;4;17.6875;17.8125;17.625;558;202;0;
139;2024.10.01 18:30;4;17.6875;17.75;17.625;558;202;0;
140;2024.10.01 18:45;4;17.6875;17.75;17.5625;557;202;0;
141;2024.10.01 19:00;4;17.625;17.75;17.5;557;202;0;
142;2024.10.01 19:15;4;17.625;17.75;17.5;556;202;0;
143;2024.10.01 19:30;4;17.625;17.75;17.5;557;202;0;
144;2024.10.01 19:45;4;17.625;17.75;17.4375;557;202;0;
145;2024.10.01 20:00;4;17.5625;17.6875;17.5;556;202;0;
146;2024.10.01 20:15;4;17.5625;17.625;17.5;556;202;0;
147;2024.10.01 20:30;4;17.5;17.625;17.5;556;202;0;
148;2024.10.01 20:45;4;17.5;17.625;17.5;556;202;0;
149;2024.10.01 21:00;4;17.5;17.625;17.5;556;202;0;
150;2024.10.01 21:15;4;17.5;17.625;17.5;556;202;0;
151;2024.10.01 21:30;4;17.5;17.625;17.4375;556;202;0;
152;2024.10.01 21:45;4;17.5;17.625;17.4375;556;202;0;
153;2024.10.01 22:00;4;17.4375;17.625;17.4375;556;202;0;
154;2024.10.01 22:15;4;17.4375;17.625;17.375;556;202;0;
155;2024.10.01 22:30;4;17.375;17.625;17.375;556;202;0;
156;2024.10.01 22:45;4;17.375;17.5625;17.375;556;202;0;
157;2024.10.01 23:00;4;17.375;17.5;17.375;556;202;0;
158;2024.10.01 23:15;4;17.375;17.5;17.375;556;202;0;
159;2024.10.01 23:30;4;17.375;17.5;17.375;556;202;0;
160;2024.10.01 23:45;4;17.375;17.5;17.3125;555;202;0;
161;2024.10.02 00:00;4;17.3125;17.5;17.3125;555;202;0;
162;2024.10.02 00:15;4;17.25;17.5;17.3125;555;202;0;
163;2024.10.02 00:30;4;17.25;17.5;17.25;555;202;0;
164;2024.10.02 00:45;4;17.25;17.4375;17.25;555;202;0;
165;2024.10.02 01:00;4;17.25;17.375;17.25;555;202;0;
166;2024.10.02 01:15;4;17.25;17.375;17.25;555;202;0;
167;2024.10.02 01:30;4;17.1875;17.375;17.1875;555;202;0;
168;2024.10.02 01:45;4;17.1875;17.375;17.1875;555;202;0;
169;2024.10.02 02:00;4;17.125;17.375;17.125;554;202;0;
170;2024.10.02 02:15;4;17.125;17.3125;17.125;554;202;0;
171;2024.10.02 02:30;4;17.125;17.25;17.125;554;202;0;
172;2024.10.02 02:45;4;17.0625;17.25;17.125;554;202;0;
173;2024.10.02 03:00;4;17.0625;17.25;17.0625;554;202;0;
174;2024.10.02 03:15;4;17;17.25;17;554;202;0;
175;2024.10.02 03:30;4;17;17.25;17;554;202;0;
176;2024.10.02 03:45;4;17;17.1875;17;554;202;0;
177;2024.10.02 04:00;4;17;17.125;17;554;202;0;
178;2024.10.02 04:15;4;17;17.125;17;554;202;0;
179;2024.10.02 04:30;4;16.9375;17.1875;17;554;202;0;
180;2024.10.02 04:45;4;16.9375;17.125;17;554;202;0;
181;2024.10.02 05:00;4;16.9375;17.125;17;553;202;0;
182;2024.10.02 05:15;4;16.875;17.125;17;553;202;0;
183;2024.10.02 05:30;4;16.875;17.125;17.0625;553;202;0;
184;2024.10.02 05:45;4;17;17.125;17.5;552;202;0;
185;2024.10.02 06:00;4;18;17.75;19.875;557;202;0;
186;2024.10.02 06:15;4;18.5625;18.375;20.3125;564;202;0;
187;2024.10.02 06:30;4;18.875;18.75;20.1875;566;202;0;
188;2024.10.02 06:45;4;19.0625;19;20.125;567;202;0;
189;2024.10.02 07:00;4;19.1875;19.25;20.125;569;202;0;
190;2024.10.02 07:15;4;19.25;19.375;20.125;570;202;0;
191;2024.10.02 07:30;4;19.375;19.5;20.125;570;202;0;
192;2024.10.02 07:45;4;19.4375;19.625;20.125;570;202;0;
193;2024.10.02 08:00;4;19.5;19.6875;20.125;571;202;0;
194;2024.10.02 08:15;4;19.5;19.75;20.125;571;202;0;
195;2024.10.02 08:30;4;19.5;19.75;20;571;202;0;
196;2024.10.02 08:45;4;19.375;19.75;19.875;570;202;0;
197;2024.10.02 09:00;4;19.375;19.75;19.75;570;202;0;
198;2024.10.02 09:15;4;19.3125;19.75;19.5;570;202;0;
199;2024.10.02 09:30;4;19.25;19.75;19.375;569;202;0;
200;2024.10.02 09:45;4;19.125;19.625;19.25;569;202;0;
201;2024.10.02 10:00;4;19;19.5625;19.125;568;202;0;
202;2024.10.02 10:15;4;18.9375;19.5;19;568;202;0;
203;2024.10.02 10:30;4;18.8125;19.375;18.8125;567;202;0;
204;2024.10.02 10:45;4;18.6875;19.25;18.625;566;202;0;
205;2024.10.02 11:00;4;18.5625;19.125;18.5;565;202;0;
206;2024.10.02 11:15;4;18.375;19;18.3125;565;202;0;
207;2024.10.02 11:30;4;18.25;18.875;18.125;564;202;0;
208;2024.10.02 11:45;4;18.125;18.75;17.9375;563;202;0;
209;2024.10.02 12:00;4;18;18.625;17.75;562;202;0;
210;2024.10.02 12:15;4;17.875;18.5;17.625;561;202;0;
211;2024.10.02 12:30;4;17.6875;18.3125;17.375;560;202;0;
212;2024.10.02 12:45;4;17.5;18.125;17.25;559;202;0;
213;2024.10.02 13:00;4;17.3125;18;17.0625;558;202;0;
214;2024.10.02 13:15;4;17.1875;17.875;16.875;558;202;0;
215;2024.10.02 13:30;4;17;17.6875;16.75;557;202;0;
216;2024.10.02 13:45;4;16.875;17.5;16.5625;556;202;0;
217;2024.10.02 14:00;4;16.75;17.375;16.375;555;202;0;
218;2024.10.02 14:15;4;16.5;17.1875;16.25;554;202;0;
219;2024.10.02 14:30;4;16.375;17;16.125;553;202;0;
220;2024.10.02 14:45;4;16.25;16.875;15.9375;552;202;0;
221;2024.10.02 15:00;4;16.125;16.6875;15.75;552;202;0;
222;2024.10.02 15:15;4;15.9375;16.5625;15.625;551;202;0;
223;2024.10.02 15:30;4;15.75;16.375;15.5;550;202;0;
224;2024.10.02 15:45;4;15.625;16.25;15.375;549;202;0;
225;2024.10.02 16:00;4;15.5;16.125;15.1875;548;202;0;
226;2024.10.02 16:15;4;15.375;15.9375;15.0625;548;202;0;
227;2024.10.02 16:30;4;15.25;15.75;14.875;547;202;0;
228;2024.10.02 16:45;4;15.0625;15.625;14.75;546;202;0;
229;2024.10.02 17:00;4;14.9375;15.5;14.625;545;202;0;
230;2024.10.02 17:15;4;14.8125;15.375;14.5;545;202;0;
231;2024.10.02 17:30;4;14.6875;15.25;14.375;544;202;0;
232;2024.10.02 17:45;4;14.625;15.125;14.3125;543;202;0;
233;2024.10.02 18:00;4;14.5;15;14.25;543;202;0;
234;2024.10.02 18:15;4;14.375;14.875;14.25;542;202;0;
235;2024.10.02 18:30;4;14.375;14.75;14.5625;542;202;0;
236;2024.10.02 18:45;4;14.5625;14.75;15.125;543;202;0;
237;2024.10.02 19:00;4;14.875;14.8125;15.75;544;202;0;
238;2024.10.02 19:15;4;15.1875;15;16.375;546;202;0;
239;2024.10.02 19:30;4;15.625;15.25;16.875;548;202;0;
240;2024.10.02 19:45;4;16;15.5;17.3125;550;202;0;
241;2024.10.02 20:00;4;16.375;15.75;17.6875;552;202;0;
242;2024.10.02 20:15;4;16.75;16.125;18.0625;554;202;0;
243;2024.10.02 20:30;4;17.125;16.4375;18.375;556;202;0;
244;2024.10.02 20:45;4;17.4375;16.75;18.6875;558;202;0;
245;2024.10.02 21:00;4;17.75;17.125;19;559;202;0;
246;2024.10.02 21:15;4;18.375;17.5;20;555;202;0;
247;2024.10.02 21:30;4;19.5;18.5;22.125;563;202;0;
248;2024.10.02 21:45;4;20.5;19.5625;23.375;569;202;0;
249;2024.10.02 22:00;4;21.375;20.5;24.25;574;202;0;
250;2024.10.02 22:15;4;22;21.3125;24.625;576;202;0;
251;2024.10.02 22:30;4;22.5;21.9375;24.8125;579;202;0;
252;2024.10.02 22:45;4;22.875;22.375;24.9375;581;202;0;
253;2024.10.02 23:00;4;23.1875;22.8125;25;583;202;0;
254;2024.10.02 23:15;4;23.5;23.125;25;584;202;0;
255;2024.10.02 23:30;4;23.6875;23.4375;25.0625;585;202;0;
256;2024.10.02 23:45;4;23.875;23.6875;25;586;202;0;
257;2024.10.03 00:00;4;24.125;23.875;25;587;202;0;
258;2024.10.03 00:15;4;24.25;24.125;24.875;588;202;0;
259;2024.10.03 00:30;4;24.375;24.25;24.875;590;202;0;
260;2024.10.03 00:45;4;24.5;24.375;24.75;590;202;0;
261;2024.10.03 01:00;4;24.5;24.375;24.625;590;202;0;
262;2024.10.03 01:15;4;24.5;24.5;24.5;590;202;0;
263;2024.10.03 01:30;4;24.5;24.5;24.4375;590;202;0;
264;2024.10.03 01:45;4;24.5;24.5;24.375;589;202;0;
265;2024.10.03 02:00;4;24.5;24.5;24.3125;589;202;0;
266;2024.10.03 02:15;4;24.4375;24.5;24.25;589;202;0;
267;2024.10.03 02:30;4;24.375;24.4375;24.125;588;202;0;
268;2024.10.03 02:45;4;24.3125;24.375;24.0625;589;202;0;
269;2024.10.03 03:00;4;24.25;24.375;24.0625;589;202;0;
270;2024.10.03 03:15;4;24.25;24.3125;24.0625;588;202;0;
271;2024.10.03 03:30;4;24.1875;24.25;24.0625;588;202;0;
272;2024.10.03 03:45;4;24.125;24.25;24.0625;588;202;0;
273;2024.10.03 04:00;4;24.125;24.25;24.0625;588;202;0;
274;2024.10.03 04:15;4;24.125;24.25;24;588;202;0;
275;2024.10.03 04:30;4;24.125;24.1875;24;587;202;0;
276;2024.10.03 04:45;4;24.0625;24.125;24;587;202;0;
277;2024.10.03 05:00;4;24;24.125;23.9375;588;202;0;
278;2024.10.03 05:15;4;24;24.125;23.875;587;202;0;
279;2024.10.03 05:30;4;24;24.125;23.875;587;202;0;
280;2024.10.03 05:45;4;24;24.0625;23.875;587;202;0;
281;2024.10.03 06:00;4;23.9375;24.0625;23.875;587;202;0;
282;2024.10.03 06:15;4;23.9375;24;23.875;587;202;0;
283;2024.10.03 06:30;4;23.9375;24;23.875;587;202;0;
284;2024.10.03 06:45;4;23.9375;24;23.875;587;202;0;
285;2024.10.03 07:00;4;23.875;24;23.875;587;202;0;
286;2024.10.03 07:15;4;23.875;24;23.875;587;202;0;
287;2024.10.03 07:30;4;23.875;24;23.875;587;202;0;
288;2024.10.03 07:45;4;23.875;24;23.875;586;202;0;
289;2024.10.03 08:00;4;23.875;24;23.875;586;202;0;
290;2024.10.03 08:15;4;23.875;24;23.875;586;202;0;
291;2024.10.03 08:30;4;23.8125;23.9375;23.8125;586;202;0;
292;2024.10.03 08:45;4;23.8125;23.9375;23.8125;586;202;0;
293;2024.10.03 09:00;4;23.75;23.875;23.8125;586;202;0;
294;2024.10.03 09:15;4;23.75;23.875;23.75;586;202;0;
295;2024.10.03 09:30;4;23.75;23.875;23.75;586;202;0;
296;2024.10.03 09:45;4;23.75;23.875;23.75;586;202;0;
297;2024.10.03 10:00;4;23.75;23.875;23.75;586;202;0;
298;2024.10.03 10:15;4;23.75;23.875;23.75;586;202;0;
299;2024.10.03 10:30;4;23.6875;23.8125;23.6875;585;202;0;
300;2024.10.03 10:45;4;23.625;23.75;23.625;585;202;0;
301;2024.10.03 11:00;4;23.625;23.75;23.625;585;202;0;
302;2024.10.03 11:15;4;23.625;23.75;23.625;585;202;0;
303;2024.10.03 11:30;4;23.625;23.75;23.625;585;202;0;
304;2024.10.03 11:45;4;23.625;23.75;23.625;585;202;0;
305;2024.10.03 12:00;4;23.625;23.75;23.625;585;202;0;
306;2024.10.03 12:15;4;23.625;23.75;23.625;585;202;0;
307;2024.10.03 12:30;4;23.625;23.75;23.625;576;202;0;
308;2024.10.03 12:45;4;23.75;23.75;24;578;202;0;
309;2024.10.03 13:00;4;23.9375;23.875;24.5;579;202;0;
310;2024.10.03 13:15;4;24.25;24.125;25.0625;581;202;0;
311;2024.10.03 13:30;4;24.625;24.4375;25.75;583;202;0;
312;2024.10.03 13:45;4;25;24.875;26.375;580;202;0;
313;2024.10.03 14:00;4;25.375;25.125;26.75;582;202;0;
314;2024.10.03 14:15;4;25.75;25.4375;27.125;585;202;0;
315;2024.10.03 14:30;4;26;25.75;27.125;586;202;0;
316;2024.10.03 14:45;4;26.1875;26;27.0625;587;202;0;
317;2024.10.03 15:00;4;26.25;26.125;26.75;587;202;0;
318;2024.10.03 15:15;4;26.25;26.125;26.5625;587;202;0;
319;2024.10.03 15:30;4;26.25;26.1875;26.4375;587;202;0;
320;2024.10.03 15:45;4;26.1875;26.25;26.375;587;202;0;
321;2024.10.03 16:00;4;26.25;26.25;26.375;587;202;0;
322;2024.10.03 16:15;4;26.1875;26.25;26.375;587;202;0;
323;2024.10.03 16:30;4;26.25;26.25;26.375;587;202;0;
324;2024.10.03 16:45;4;26.25;26.25;26.375;587;202;0;
325;2024.10.03 17:00;4;26.25;26.3125;26.375;587;202;0;
326;2024.10.03 17:15;4;26.25;26.3125;26.375;587;202;0;
327;2024.10.03 17:30;4;26.25;26.375;26.4375;587;202;0;
328;2024.10.03 17:45;4;26.25;26.375;26.4375;587;202;0;
329;2024.10.03 18:00;4;26.25;26.375;26.4375;587;202;0;
330;2024.10.03 18:15;4;26.25;26.375;26.125;586;202;0;
331;2024.10.03 18:30;4;26.125;26.25;25.8125;585;202;0;
332;2024.10.03 18:45;4;26;26.125;25.625;585;202;0;
333;2024.10.03 19:00;4;25.875;26;25.4375;584;202;0;
334;2024.10.03 19:15;4;25.75;25.875;25.375;583;202;0;
335;2024.10.03 19:30;4;25.75;25.875;25.4375;583;202;0;
336;2024.10.03 19:45;4;25.75;25.8125;25.5625;583;202;0;
337;2024.10.03 20:00;4;25.75;25.75;25.6875;583;202;0;
338;2024.10.03 20:15;4;25.75;25.8125;25.75;583;202;0;
339;2024.10.03 20:30;4;25.75;25.875;25.875;584;202;0;
340;2024.10.03 20:45;4;25.8125;25.875;25.875;584;202;0;
341;2024.10.03 21:00;4;25.875;25.875;26;584;202;0;
342;2024.10.03 21:15;4;25.875;25.875;26;584;202;0;
343;2024.10.03 21:30;4;25.875;25.9375;26;584;202;0;
344;2024.10.03 21:45;4;25.875;26;26;584;202;0;
345;2024.10.03 22:00;4;25.875;26;26;584;202;0;
346;2024.10.03 22:15;4;25.875;26;26;584;202;0;
347;2024.10.03 22:30;4;25.875;26;26;584;202;0;
348;2024.10.03 22:45;4;25.875;26;26;584;202;0;
349;2024.10.03 23:00;4;25.875;26;26;584;202;0;
350;2024.10.03 23:15;4;25.875;26;26;584;202;0;
351;2024.10.03 23:30;4;25.875;25.9375;25.9375;584;202;0;
352;2024.10.03 23:45;4;25.875;26;25.9375;584;202;0;
353;2024.10.04 00:00;4;25.875;25.9375;25.875;584;202;0;
354;2024.10.04 00:15;4;25.8125;25.9375;25.875;584;202;0;
355;2024.10.04 00:30;4;25.8125;25.875;25.875;584;202;0;
356;2024.10.04 00:45;4;25.8125;25.875;25.875;584;202;0;
357;2024.10.04 01:00;4;25.75;25.875;25.875;584;202;0;
358;2024.10.04 01:15;4;25.75;25.875;25.875;584;202;0;
359;2024.10.04 01:30;4;25.75;25.875;25.8125;584;202;0;
360;2024.10.04 01:45;4;25.75;25.875;25.75;583;202;0;
361;2024.10.04 02:00;4;25.75;25.875;25.75;583;202;0;
362;2024.10.04 02:15;4;25.75;25.8125;25.75;583;202;0;
363;2024.10.04 02:30;4;25.6875;25.8125;25.75;583;202;0;
364;2024.10.04 02:45;4;25.6875;25.8125;25.75;583;202;0;
365;2024.10.04 03:00;4;25.625;25.75;25.6875;583;202;0;
366;2024.10.04 03:15;4;25.625;25.75;25.6875;583;202;0;
367;2024.10.04 03:30;4;25.625;25.75;25.625;583;202;0;
368;2024.10.04 03:45;4;25.625;25.75;25.625;583;202;0;
369;2024.10.04 04:00;4;25.625;25.6875;25.625;582;202;0;
370;2024.10.04 04:15;4;25.5625;25.6875;25.625;582;202;0;
371;2024.10.04 04:30;4;25.5;25.625;25.5625;582;202;0;
372;2024.10.04 04:45;4;25.5;25.625;25.5;582;202;0;
373;2024.10.04 05:00;4;25.5;25.625;25.5;582;202;0;
374;2024.10.04 05:15;4;25.5;25.625;25.5;582;202;0;
375;2024.10.04 05:30;4;25.4375;25.5625;25.5;582;202;0;
376;2024.10.04 05:45;4;25.375;25.5;25.4375;582;202;0;
377;2024.10.04 06:00;4;25.375;25.5;25.375;582;202;0;
378;2024.10.04 06:15;4;25.375;25.5;25.375;581;202;0;
379;2024.10.04 06:30;4;25.375;25.5;25.375;581;202;0;
380;2024.10.04 06:45;4;25.3125;25.4375;25.375;581;202;0;
381;2024.10.04 07:00;4;25.3125;25.4375;25.3125;581;202;0;
382;2024.10.04 07:15;4;25.25;25.4375;25.25;581;202;0;
383;2024.10.04 07:30;4;25.25;25.375;25.25;581;202;0;
384;2024.10.04 07:45;4;25.25;25.375;25.25;581;202;0;
385;2024.10.04 08:00;4;25.1875;25.3125;25.25;580;202;0;
386;2024.10.04 08:15;4;25.125;25.375;25.1875;580;202;0;
387;2024.10.04 08:30;4;25.125;25.25;25.125;580;202;0;
388;2024.10.04 08:45;4;25.125;25.25;25.125;580;202;0;
389;2024.10.04 09:00;4;25.125;25.25;25.125;580;202;0;
390;2024.10.04 09:15;4;25.0625;25.1875;25.0625;580;202;0;
391;2024.10.04 09:30;4;25;25.125;25.0625;580;202;0;
392;2024.10.04 09:45;4;25;25.1875;25;579;202;0;
393;2024.10.04 10:00;4;25;25.125;25;579;202;0;
394;2024.10.04 10:15;4;25;25.125;25;579;202;0;
395;2024.10.04 10:30;4;24.9375;25.0625;25;579;202;0;
396;2024.10.04 10:45;4;24.875;25;24.9375;579;202;0;
397;2024.10.04 11:00;4;24.875;25;24.875;579;202;0;
398;2024.10.04 11:15;4;24.875;25;24.875;579;202;0;
399;2024.10.04 11:30;4;24.875;25;24.875;579;202;0;
400;2024.10.04 11:45;4;24.8125;24.9375;24.875;578;202;0;
401;2024.10.04 12:00;4;24.75;24.9375;24.8125;578;202;0;
402;2024.10.04 12:15;4;24.75;24.9375;24.8125;578;202;0;
403;2024.10.04 12:30;4;24.75;24.875;24.8125;578;202;0;
404;2024.10.04 12:45;4;24.75;24.875;24.75;578;202;0;
405;2024.10.04 13:00;4;24.75;24.875;24.75;578;202;0;
406;2024.10.04 13:15;4;24.75;24.875;24.75;578;202;0;
407;2024.10.04 13:30;4;24.75;24.8125;24.75;578;202;0;
408;2024.10.04 13:45;4;24.6875;24.875;24.75;578;202;0;
409;2024.10.04 14:00;4;24.6875;24.8125;24.75;578;202;0;
410;2024.10.04 14:15;4;24.6875;24.75;24.75;578;202;0;
411;2024.10.04 14:30;4;24.625;24.75;24.75;578;202;0;
412;2024.10.04 14:45;4;24.625;24.8125;24.75;578;202;0;
413;2024.10.04 15:00;4;24.625;24.75;24.75;578;202;0;
414;2024.10.04 15:15;4;24.625;24.75;24.75;578;202;0;
415;2024.10.04 15:30;4;24.625;24.75;24.75;578;202;0;
416;2024.10.04 15:45;4;24.625;24.75;24.75;578;202;0;
417;2024.10.04 16:00;4;24.625;24.75;24.75;578;202;0;
418;2024.10.04 16:15;4;24.625;24.75;24.75;578;202;0;
419;2024.10.04 16:30;4;24.625;24.75;24.75;578;202;0;
420;2024.10.04 16:45;4;24.625;24.75;24.75;578;202;0;
421;2024.10.04 17:00;4;24.625;24.75;24.75;578;202;0;
422;2024.10.04 17:15;4;24.625;24.75;24.75;578;202;0;
423;2024.10.04 17:30;4;24.625;24.75;24.75;578;202;0;
424;2024.10.04 17:45;4;24.625;24.75;24.75;578;202;0;
425;2024.10.04 18:00;4;24.625;24.75;24.75;578;202;0;
426;2024.10.04 18:15;4;24.625;24.75;24.75;578;202;0;
427;2024.10.04 18:30;4;24.625;24.75;24.75;578;202;0;
428;2024.10.04 18:45;4;24.625;24.75;24.75;578;202;0;
429;2024.10.04 19:00;4;24.625;24.75;24.75;578;202;0;
430;2024.10.04 19:15;4;24.625;24.75;24.75;578;202;0;
431;2024.10.04 19:30;4;24.625;24.75;24.75;578;202;0;
432;2024.10.04 19:45;4;24.625;24.75;24.75;578;202;0;
433;2024.10.04 20:00;4;24.625;24.75;24.75;578;202;0;
434;2024.10.04 20:15;4;24.625;24.75;24.75;578;202;0;
435;2024.10.04 20:30;4;24.625;24.75;24.75;578;202;0;
436;2024.10.04 20:45;4;24.625;24.75;24.75;578;202;0;
437;2024.10.04 21:00;4;24.625;24.75;24.75;578;202;0;
438;2024.10.04 21:15;4;24.625;24.75;24.75;578;202;0;
439;2024.10.04 21:30;4;24.625;24.75;24.6875;578;202;0;
440;2024.10.04 21:45;4;24.625;24.75;24.6875;578;202;0;
441;2024.10.04 22:00;4;24.625;24.6875;24.625;578;202;0;
442;2024.10.04 22:15;4;24.5625;24.6875;24.625;577;202;0;
443;2024.10.04 22:30;4;24.5625;24.6875;24.625;577;202;0;
444;2024.10.04 22:45;4;24.5;24.625;24.625;577;202;0;
445;2024.10.04 23:00;4;24.5;24.625;24.625;577;202;0;
446;2024.10.04 23:15;4;24.5;24.625;24.625;577;202;0;
447;2024.10.04 23:30;4;24.5;24.625;24.5625;577;202;0;
448;2024.10.04 23:45;4;24.5;24.625;24.5625;577;202;0;
449;2024.10.05 00:00;4;24.5;24.625;24.5;577;202;0;
450;2024.10.05 00:15;4;24.5;24.5625;24.5;577;202;0;
451;2024.10.05 00:30;4;24.4375;24.5625;24.5;577;202;0;
452;2024.10.05 00:45;4;24.375;24.5625;24.5;577;202;0;
453;2024.10.05 01:00;4;24.375;24.5;24.5;577;202;0;
454;2024.10.05 01:15;4;24.375;24.5;24.4375;576;202;0;
455;2024.10.05 01:30;4;24.375;24.5;24.375;576;202;0;
456;2024.10.05 01:45;4;24.375;24.5;24.375;576;202;0;
457;2024.10.05 02:00;4;24.3125;24.5;24.375;576;202;0;
458;2024.10.05 02:15;4;24.3125;24.4375;24.375;576;202;0;
459;2024.10.05 02:30;4;24.25;24.375;24.375;576;202;0;
460;2024.10.05 02:45;4;24.25;24.375;24.3125;576;202;0;
461;2024.10.05 03:00;4;24.25;24.375;24.25;576;202;0;
462;2024.10.05 03:15;4;24.25;24.375;24.25;576;202;0;
463;2024.10.05 03:30;4;24.1875;24.375;24.25;575;202;0;
464;2024.10.05 03:45;4;24.1875;24.3125;24.25;575;202;0;
465;2024.10.05 04:00;4;24.125;24.25;24.1875;575;202;0;
466;2024.10.05 04:15;4;24.125;24.25;24.125;575;202;0;
467;2024.10.05 04:30;4;24.125;24.25;24.125;575;202;0;
468;2024.10.05 04:45;4;24.125;24.25;24.125;575;202;0;
469;2024.10.05 05:00;4;24.0625;24.1875;24.125;575;202;0;
470;2024.10.05 05:15;4;24;24.125;24.0625;575;202;0;
471;2024.10.05 05:30;4;24;24.125;24;574;202;0;
472;2024.10.05 05:45;4;24;24.125;24;574;202;0;
473;2024.10.05 06:00;4;23.9375;24.125;24;574;202;0;
474;2024.10.05 06:15;4;23.9375;24.0625;24;574;202;0;
475;2024.10.05 06:30;4;23.875;24.0625;23.9375;574;202;0;
476;2024.10.05 06:45;4;23.875;24;23.875;574;202;0;
477;2024.10.05 07:00;4;23.875;24;23.875;574;202;0;
478;2024.10.05 07:15;4;23.8125;24;23.875;574;202;0;
479;2024.10.05 07:30;4;23.8125;23.9375;23.875;573;202;0;
480;2024.10.05 07:45;4;23.75;23.9375;23.8125;573;202;0;
481;2024.10.05 08:00;4;23.75;23.875;23.75;573;202;0;
482;2024.10.05 08:15;4;23.75;23.875;23.75;573;202;0;
483;2024.10.05 08:30;4;23.6875;23.875;23.75;573;202;0;
484;2024.10.05 08:45;4;23.625;23.8125;23.6875;573;202;0;
485;2024.10.05 09:00;4;23.625;23.75;23.6875;573;202;0;
486;2024.10.05 09:15;4;23.625;23.75;23.625;573;202;0;
487;2024.10.05 09:30;4;23.625;23.75;23.625;572;202;0;
488;2024.10.05 09:45;4;23.5625;23.75;23.625;572;202;0;
489;2024.10.05 10:00;4;23.5;23.6875;23.625;572;202;0;
490;2024.10.05 10:15;4;23.5;23.6875;23.5625;572;202;0;
491;2024.10.05 10:30;4;23.5;23.625;23.5;572;202;0;
492;2024.10.05 10:45;4;23.5;23.625;23.5;572;202;0;
493;2024.10.05 11:00;4;23.5;23.625;23.5;572;202;0;
494;2024.10.05 11:15;4;23.4375;23.625;23.5;572;202;0;
495;2024.10.05 11:30;4;23.4375;23.625;23.5;572;202;0;
496;2024.10.05 11:45;4;23.375;23.5625;23.5;572;202;0;
497;2024.10.05 12:00;4;23.375;23.5;23.5;572;202;0;
498;2024.10.05 12:15;4;23.375;23.5625;23.5;571;202;0;
499;2024.10.05 12:30;4;23.375;23.5;23.5;571;202;0;
500;2024.10.05 12:45;4;23.375;23.5;23.5;571;202;0;
501;2024.10.05 13:00;4;23.375;23.5;23.5;571;202;0;
502;2024.10.05 13:15;4;23.375;23.5;23.5;571;202;0;
503;2024.10.05 13:30;4;23.375;23.5;23.5;571;202;0;
504;2024.10.05 13:45;4;23.375;23.5;23.5;571;202;0;
505;2024.10.05 14:00;4;23.375;23.5;23.5;571;202;0;
506;2024.10.05 14:15;4;23.375;23.5;23.5;571;202;0;
507;2024.10.05 14:30;4;23.375;23.5;23.5;571;202;0;
508;2024.10.05 14:45;4;23.375;23.5;23.5;572;202;0;
509;2024.10.05 15:00;4;23.375;23.5;23.5;572;202;0;
510;2024.10.05 15:15;4;23.375;23.5;23.5625;572;202;0;
511;2024.10.05 15:30;4;23.4375;23.5;23.625;572;202;0;
512;2024.10.05 15:45;4;23.4375;23.5625;23.625;572;202;0;
513;2024.10.05 16:00;4;23.5;23.5625;23.625;572;202;0;
514;2024.10.05 16:15;4;23.5;23.5625;23.625;572;202;0;
515;2024.10.05 16:30;4;23.5;23.625;23.6875;572;202;0;
516;2024.10.05 16:45;4;23.5;23.625;23.75;572;202;0;
517;2024.10.05 17:00;4;23.5;23.625;23.75;572;202;0;
518;2024.10.05 17:15;4;23.5625;23.625;23.75;573;202;0;
519;2024.10.05 17:30;4;23.625;23.625;23.75;573;202;0;
520;2024.10.05 17:45;4;23.625;23.6875;23.8125;573;202;0;
521;2024.10.05 18:00;4;23.625;23.75;23.875;573;202;0;
522;2024.10.05 18:15;4;23.625;23.75;23.875;573;202;0;
523;2024.10.05 18:30;4;23.6875;23.8125;23.875;573;202;0;
524;2024.10.05 18:45;4;23.75;23.75;23.875;573;202;0;
525;2024.10.05 19:00;4;23.75;23.8125;23.9375;574;202;0;
526;2024.10.05 19:15;4;23.75;23.875;24;574;202;0;
527;2024.10.05 19:30;4;23.8125;23.875;24;574;202;0;
528;2024.10.05 19:45;4;23.875;23.875;24;574;202;0;
529;2024.10.05 20:00;4;23.875;23.875;24;574;202;0;
530;2024.10.05 20:15;4;23.875;24;24.0625;574;202;0;
531;2024.10.05 20:30;4;23.875;24;24.0625;574;202;0;
532;2024.10.05 20:45;4;23.875;24;24.125;574;202;0;
533;2024.10.05 21:00;4;23.9375;24;24.125;575;202;0;
534;2024.10.05 21:15;4;23.9375;24;24.125;575;202;0;
535;2024.10.05 21:30;4;24;24;24.125;575;202;0;
536;2024.10.05 21:45;4;24;24.0625;24.125;575;202;0;
537;2024.10.05 22:00;4;24;24.0625;24.125;575;202;0;
538;2024.10.05 22:15;4;24;24.125;24.125;575;202;0;
539;2024.10.05 22:30;4;24;24.125;24.125;575;202;0;
540;2024.10.05 22:45;4;24;24.125;24.125;575;202;0;
541;2024.10.05 23:00;4;24;24.125;24.125;575;202;0;
542;2024.10.05 23:15;4;24;24.125;24.1875;575;202;0;
543;2024.10.05 23:30;4;24;24.125;24.125;575;202;0;
544;2024.10.05 23:45;4;24;24.125;24.125;575;202;0;
545;2024.10.06 00:00;4;24;24.125;24.125;575;202;0;
546;2024.10.06 00:15;4;24;24.125;24.125;575;202;0;
547;2024.10.06 00:30;4;24.0625;24.125;24.1875;575;202;0;
548;2024.10.06 00:45;4;24.0625;24.125;24.125;575;202;0;
549;2024.10.06 01:00;4;24;24.125;24.125;575;202;0;
550;2024.10.06 01:15;4;24.0625;24.125;24.125;575;202;0;
551;2024.10.06 01:30;4;24;24.125;24.125;575;202;0;
552;2024.10.06 01:45;4;24;24.125;24.125;575;202;0;
553;2024.10.06 02:00;4;24;24.125;24.125;575;202;0;
554;2024.10.06 02:15;4;24;24.125;24.125;575;202;0;
555;2024.10.06 02:30;4;24;24.125;24.125;575;202;0;
556;2024.10.06 02:45;4;24;24.125;24.125;575;202;0;
557;2024.10.06 03:00;4;24;24.125;24.125;575;202;0;
558;2024.10.06 03:15;4;24;24.125;24.125;575;202;0;
559;2024.10.06 03:30;4;24;24.125;24.125;575;202;0;
560;2024.10.06 03:45;4;24;24.125;24.0625;575;202;0;
561;2024.10.06 04:00;4;24;24.125;24.0625;575;202;0;
562;2024.10.06 04:15;4;24;24.0625;24;575;202;0;
563;2024.10.06 04:30;4;24;24.125;24;575;202;0;
564;2024.10.06 04:45;4;23.9375;24.0625;24;574;202;0;
565;2024.10.06 05:00;4;23.9375;24.0625;24;574;202;0;
566;2024.10.06 05:15;4;23.875;24;24;574;202;0;
567;2024.10.06 05:30;4;23.875;24;24;574;202;0;
568;2024.10.06 05:45;4;23.875;24;23.9375;574;202;0;
569;2024.10.06 06:00;4;23.875;24;24;574;202;0;
570;2024.10.06 06:15;4;23.875;24;23.9375;574;202;0;
571;2024.10.06 06:30;4;23.875;24;23.875;574;202;0;
572;2024.10.06 06:45;4;23.8125;24;23.875;574;202;0;
573;2024.10.06 07:00;4;23.8125;23.9375;23.875;574;202;0;
574;2024.10.06 07:15;4;23.75;23.875;23.875;574;202;0;
575;2024.10.06 07:30;4;23.75;23.875;23.875;574;202;0;
576;2024.10.06 07:45;4;23.75;23.875;23.8125;574;202;0;
577;2024.10.06 08:00;4;23.75;23.875;23.75;573;202;0;
578;2024.10.06 08:15;4;23.75;23.875;23.75;573;202;0;
579;2024.10.06 08:30;4;23.6875;23.875;23.75;573;202;0;
580;2024.10.06 08:45;4;23.6875;23.8125;23.75;573;202;0;
581;2024.10.06 09:00;4;23.625;23.75;23.6875;573;202;0;
582;2024.10.06 09:15;4;23.625;23.75;23.6875;573;202;0;
583;2024.10.06 09:30;4;23.625;23.75;23.625;573;202;0;
584;2024.10.06 09:45;4;23.625;23.75;23.625;573;202;0;
585;2024.10.06 10:00;4;23.5625;23.75;23.625;573;202;0;
586;2024.10.06 10:15;4;23.5625;23.6875;23.625;572;202;0;
587;2024.10.06 10:30;4;23.5;23.625;23.625;572;202;0;
588;2024.10.06 10:45;4;23.5;23.625;23.5625;572;202;0;
589;2024.10.06 11:00;4;23.5;23.625;23.5625;572;202;0;
590;2024.10.06 11:15;4;23.5;23.625;23.5;572;202;0;
591;2024.10.06 11:30;4;23.5;23.625;23.5;572;202;0;
592;2024.10.06 11:45;4;23.5;23.625;23.5;572;202;0;
593;2024.10.06 12:00;4;23.4375;23.625;23.5;572;202;0;
594;2024.10.06 12:15;4;23.4375;23.5625;23.5;572;202;0;
595;2024.10.06 12:30;4;23.4375;23.625;23.5;572;202;0;
596;2024.10.06 12:45;4;23.4375;23.5625;23.5;572;202;0;
597;2024.10.06 13:00;4;23.4375;23.5;23.5;572;202;0;
598;2024.10.06 13:15;4;23.375;23.5625;23.5;572;202;0;
599;2024.10.06 13:30;4;23.375;23.5;23.5;572;202;0;
600;2024.10.06 13:45;4;23.4375;23.5625;23.5625;572;202;0;
601;2024.10.06 14:00;4;23.4375;23.5625;23.5625;572;202;0;
602;2024.10.06 14:15;4;23.4375;23.5;23.5625;572;202;0;
603;2024.10.06 14:30;4;23.4375;23.625;23.625;572;202;0;
604;2024.10.06 14:45;4;23.5;23.5625;23.625;572;202;0;
605;2024.10.06 15:00;4;23.5;23.625;23.625;572;202;0;
606;2024.10.06 15:15;4;23.5;23.625;23.625;572;202;0;
607;2024.10.06 15:30;4;23.5;23.625;23.625;572;202;0;
608;2024.10.06 15:45;4;23.5;23.625;23.6875;572;202;0;
609;2024.10.06 16:00;4;23.5;23.625;23.6875;573;202;0;
610;2024.10.06 16:15;4;23.5625;23.625;23.75;573;202;0;
611;2024.10.06 16:30;4;23.5625;23.625;23.75;573;202;0;
612;2024.10.06 16:45;4;23.625;23.6875;23.75;573;202;0;
613;2024.10.06 17:00;4;23.625;23.75;23.8125;573;202;0;
614;2024.10.06 17:15;4;23.625;23.75;23.875;573;202;0;
615;2024.10.06 17:30;4;23.625;23.75;23.875;573;202;0;
616;2024.10.06 17:45;4;23.75;23.8125;23.875;573;202;0;
617;2024.10.06 18:00;4;23.75;23.8125;23.875;574;202;0;
618;2024.10.06 18:15;4;23.75;23.8125;24;574;202;0;
619;2024.10.06 18:30;4;23.75;23.875;24;574;202;0;
620;2024.10.06 18:45;4;23.8125;23.875;24;574;202;0;
621;2024.10.06 19:00;4;23.875;23.875;24.0625;574;202;0;
622;2024.10.06 19:15;4;23.875;24;24.0625;574;202;0;
623;2024.10.06 19:30;4;23.875;24;24.125;575;202;0;
624;2024.10.06 19:45;4;23.9375;24;24.125;575;202;0;
625;2024.10.06 20:00;4;24;24;24.125;575;202;0;
626;2024.10.06 20:15;4;24;24.0625;24.125;575;202;0;
627;2024.10.06 20:30;4;24;24.0625;24.1875;575;202;0;
628;2024.10.06 20:45;4;24;24.125;24.25;575;202;0;
629;2024.10.06 21:00;4;24;24.125;24.25;575;202;0;
630;2024.10.06 21:15;4;24.0625;24.125;24.25;575;202;0;
631;2024.10.06 21:30;4;24.0625;24.125;24.25;575;202;0;
632;2024.10.06 21:45;4;24.125;24.125;24.25;576;202;0;
633;2024.10.06 22:00;4;24.125;24.25;24.25;576;202;0;
634;2024.10.06 22:15;4;24.125;24.25;24.25;576;202;0;
635;2024.10.06 22:30;4;24.125;24.25;24.3125;576;202;0;
636;2024.10.06 22:45;4;24.125;24.25;24.3125;576;202;0;
637;2024.10.06 23:00;4;24.125;24.25;24.3125;576;202;0;
638;2024.10.06 23:15;4;24.1875;24.25;24.375;576;202;0;
639;2024.10.06 23:30;4;24.1875;24.25;24.375;576;202;0;
640;2024.10.06 23:45;4;24.25;24.25;24.375;576;202;0;
641;2024.10.07 00:00;4;24.25;24.3125;24.375;576;202;0;
642;2024.10.07 00:15;4;24.25;24.3125;24.375;576;202;0;
643;2024.10.07 00:30;4;24.25;24.3125;24.375;576;202;0;
644;2024.10.07 00:45;4;24.25;24.375;24.375;576;202;0;
645;2024.10.07 01:00;4;24.25;24.375;24.375;576;202;0;
646;2024.10.07 01:15;4;24.25;24.375;24.375;576;202;0;
647;2024.10.07 01:30;4;24.25;24.375;24.375;576;202;0;
648;2024.10.07 01:45;4;24.25;24.375;24.375;576;202;0;
649;2024.10.07 02:00;4;24.25;24.375;24.375;576;202;0;
650;2024.10.07 02:15;4;24.25;24.375;24.375;576;202;0;
651;2024.10.07 02:30;4;24.25;24.375;24.375;576;202;0;
652;2024.10.07 02:45;4;24.25;24.375;24.375;576;202;0;
653;2024.10.07 03:00;4;24.25;24.375;24.375;576;202;0;
654;2024.10.07 03:15;4;24.25;24.375;24.375;576;202;0;
655;2024.10.07 03:30;4;24.25;24.375;24.375;576;202;0;
656;2024.10.07 03:45;4;24.25;24.375;24.375;576;202;0;
657;2024.10.07 04:00;4;24.25;24.375;24.375;576;202;0;
658;2024.10.07 04:15;4;24.25;24.375;24.375;576;202;0;
659;2024.10.07 04:30;4;24.25;24.375;24.375;576;202;0;
660;2024.10.07 04:45;4;24.25;24.375;24.375;576;202;0;
661;2024.10.07 05:00;4;24.25;24.375;24.375;576;202;0;
662;2024.10.07 05:15;4;24.25;24.375;24.3125;576;202;0;
663;2024.10.07 05:30;4;24.25;24.375;24.3125;576;202;0;
664;2024.10.07 05:45;4;24.25;24.3125;24.3125;576;202;0;
665;2024.10.07 06:00;4;24.25;24.3125;24.25;576;202;0;
666;2024.10.07 06:15;4;24.1875;24.3125;24.25;576;202;0;
667;2024.10.07 06:30;4;24.1875;24.25;24.25;576;202;0;
668;2024.10.07 06:45;4;24.125;24.25;24.25;576;202;0;
669;2024.10.07 07:00;4;24.125;24.25;24.25;576;202;0;
670;2024.10.07 07:15;4;24.125;24.25;24.1875;576;202;0;
671;2024.10.07 07:30;4;24.125;24.25;24.1875;575;202;0;
672;2024.10.07 07:45;4;24.125;24.25;24.125;575;202;0;
673;2024.10.07 08:00;4;24.125;24.25;24.125;575;202;0;
674;2024.10.07 08:15;4;24.0625;24.1875;24.125;575;202;0;
675;2024.10.07 08:30;4;24.0625;24.1875;24.125;575;202;0;
676;2024.10.07 08:45;4;24;24.125;24.125;575;202;0;
677;2024.10.07 09:00;4;24;24.125;24.125;575;202;0;
678;2024.10.07 09:15;4;24;24.125;24.0625;575;202;0;
679;2024.10.07 09:30;4;24;24.125;24;575;202;0;
680;2024.10.07 09:45;4;24;24.125;24;575;202;0;
681;2024.10.07 10:00;4;23.9375;24.0625;24;575;202;0;
682;2024.10.07 10:15;4;23.9375;24.0625;24;575;202;0;
683;2024.10.07 10:30;4;23.875;24.0625;24;574;202;0;
684;2024.10.07 10:45;4;23.875;24;24;574;202;0;
685;2024.10.07 11:00;4;23.875;24;24;574;202;0;
686;2024.10.07 11:15;4;23.875;24;23.9375;574;202;0;
687;2024.10.07 11:30;4;23.875;24;23.9375;574;202;0;
688;2024.10.07 11:45;4;23.875;24;23.9375;574;202;0;
689;2024.10.07 12:00;4;23.875;24;23.875;574;202;0;
690;2024.10.07 12:15;4;23.8125;24;23.9375;574;202;0;
691;2024.10.07 12:30;4;23.875;23.9375;23.9375;574;202;0;
692;2024.10.07 12:45;4;23.8125;23.9375;23.9375;574;202;0;
693;2024.10.07 13:00;4;23.8125;23.9375;23.9375;574;202;0;
694;2024.10.07 13:15;4;23.875;24;23.9375;574;202;0;
695;2024.10.07 13:30;4;23.875;23.9375;24;574;202;0;
696;2024.10.07 13:45;4;23.875;23.9375;24;574;202;0;
697;2024.10.07 14:00;4;23.875;24;24;574;202;0;
698;2024.10.07 14:15;4;23.875;24;24;574;202;0;
699;2024.10.07 14:30;4;23.875;24;24;574;202;0;
700;2024.10.07 14:45;4;23.875;24;24;574;202;0;
701;2024.10.07 15:00;4;23.875;24;24;574;202;0;
702;2024.10.07 15:15;4;23.875;24;24;574;202;0;
703;2024.10.07 15:30;4;23.875;24;24.0625;575;202;0;
704;2024.10.07 15:45;4;23.9375;24;24.125;575;202;0;
705;2024.10.07 16:00;4;23.9375;24.0625;24.125;575;202;0;
706;2024.10.07 16:15;4;24;24;24.125;575;202;0;
707;2024.10.07 16:30;4;24;24.0625;24.125;575;202;0;
708;2024.10.07 16:45;4;24;24.125;24.1875;575;202;0;
709;2024.10.07 17:00;4;24;24.125;24.25;575;202;0;
710;2024.10.07 17:15;4;24.0625;24.125;24.25;575;202;0;
711;2024.10.07 17:30;4;24.0625;24.1875;24.25;575;202;0;
712;2024.10.07 17:45;4;24.125;24.125;24.25;576;202;0;
713;2024.10.07 18:00;4;24.125;24.25;24.25;576;202;0;
714;2024.10.07 18:15;4;24.1875;24.25;24.375;576;202;0;
715;2024.10.07 18:30;4;24.25;24.3125;24.625;577;202;0;
716;2024.10.07 18:45;4;24.375;24.375;24.8125;577;202;0;
717;2024.10.07 19:00;4;24.5;24.5;25;578;202;0;
718;2024.10.07 19:15;4;24.625;24.625;25.125;579;202;0;
719;2024.10.07 19:30;4;24.75;24.75;25.25;579;202;0;
720;2024.10.07 19:45;4;24.875;24.875;25.375;580;202;0;
721;2024.10.07 20:00;4;25;24.9375;25.4375;580;202;0;
722;2024.10.07 20:15;4;25;25;25.5;581;202;0;
723;2024.10.07 20:30;4;25.125;25.125;25.5625;581;202;0;
724;2024.10.07 20:45;4;25.1875;25.1875;25.75;581;202;0;
725;2024.10.07 21:00;4;25.25;25.25;25.75;582;202;0;
726;2024.10.07 21:15;4;25.375;25.375;25.75;582;202;0;
727;2024.10.07 21:30;4;25.375;25.375;25.75;582;202;0;
728;2024.10.07 21:45;4;25.4375;25.5;25.75;583;202;0;
729;2024.10.07 22:00;4;25.5;25.5;25.75;583;202;0;
730;2024.10.07 22:15;4;25.5;25.5625;25.75;583;202;0;
731;2024.10.07 22:30;4;25.5;25.5625;25.625;583;202;0;
732;2024.10.07 22:45;4;25.5;25.5625;25.625;583;202;0;
733;2024.10.07 23:00;4;25.5;25.5625;25.625;583;202;0;
734;2024.10.07 23:15;4;25.5;25.5;25.5;582;202;0;
735;2024.10.07 23:30;4;25.4375;25.5;25.5;578;202;0;
736;2024.10.07 23:45;4;25.375;25.5;25.4375;582;202;0;
737;2024.10.08 00:00;4;25.375;25.5;25.375;582;202;0;
738;2024.10.08 00:15;4;25.375;25.5;25.3125;582;202;0;
739;2024.10.08 00:30;4;25.375;25.5;25.3125;582;202;0;
740;2024.10.08 00:45;4;25.25;25.375;25.25;581;202;0;
741;2024.10.08 01:00;4;25.25;25.375;25.25;581;202;0;
742;2024.10.08 01:15;4;25.25;25.375;25.25;581;202;0;
743;2024.10.08 01:30;4;25.25;25.375;25.25;581;202;0;
744;2024.10.08 01:45;4;25.25;25.3125;25.1875;580;202;0;
745;2024.10.08 02:00;4;25.1875;25.25;25.1875;580;202;0;
746;2024.10.08 02:15;4;25.1875;25.25;25.125;580;202;0;
747;2024.10.08 02:30;4;25.125;25.25;25.125;580;202;0;
748;2024.10.08 02:45;4;25.125;25.25;25.125;580;202;0;
749;2024.10.08 03:00;4;25.125;25.25;25.125;579;202;0;
750;2024.10.08 03:15;4;25.125;25.25;25.0625;579;202;0;
751;2024.10.08 03:30;4;25.0625;25.1875;25;579;202;0;
752;2024.10.08 03:45;4;25;25.125;25;579;202;0;
753;2024.10.08 04:00;4;25;25.125;25;579;202;0;
754;2024.10.08 04:15;4;25;25.125;24.9375;579;202;0;
755;2024.10.08 04:30;4;25;25.0625;24.875;578;202;0;
756;2024.10.08 04:45;4;24.9375;25.0625;24.875;578;202;0;
757;2024.10.08 05:00;4;24.875;25;24.875;578;202;0;
758;2024.10.08 05:15;4;24.875;25;24.8125;578;202;0;
759;2024.10.08 05:30;4;24.875;25;24.8125;578;202;0;
760;2024.10.08 05:45;4;24.875;24.9375;24.75;578;202;0;
761;2024.10.08 06:00;4;24.8125;24.9375;24.75;577;202;0;
762;2024.10.08 06:15;4;24.75;24.875;24.75;577;202;0;
763;2024.10.08 06:30;4;24.75;24.875;24.6875;577;202;0;
764;2024.10.08 06:45;4;24.75;24.8125;24.625;577;202;0;
765;2024.10.08 07:00;4;24.6875;24.75;24.625;577;202;0;
766;2024.10.08 07:15;4;24.625;24.75;24.625;576;202;0;
767;2024.10.08 07:30;4;24.625;24.75;24.5625;576;202;0;
768;2024.10.08 07:45;4;24.625;24.75;24.5;576;202;0;
769;2024.10.08 08:00;4;24.5625;24.6875;24.5;576;202;0;
770;2024.10.08 08:15;4;24.5625;24.625;24.5;576;202;0;
771;2024.10.08 08:30;4;24.5;24.625;24.4375;576;202;0;
772;2024.10.08 08:45;4;24.5;24.625;24.375;575;202;0;
773;2024.10.08 09:00;4;24.5;24.5625;24.375;575;202;0;
774;2024.10.08 09:15;4;24.4375;24.5;24.375;575;202;0;
775;2024.10.08 09:30;4;24.375;24.5;24.3125;575;202;0;
776;2024.10.08 09:45;4;24.375;24.5;24.25;575;202;0;
777;2024.10.08 10:00;4;24.375;24.4375;24.25;574;202;0;
778;2024.10.08 10:15;4;24.3125;24.375;24.25;574;202;0;
779;2024.10.08 10:30;4;24.25;24.375;24.25;574;202;0;
780;2024.10.08 10:45;4;24.25;24.375;24.1875;574;202;0;
781;2024.10.08 11:00;4;24.25;24.3125;24.125;574;202;0;
782;2024.10.08 11:15;4;24.125;24.25;24.125;574;202;0;
783;2024.10.08 11:30;4;24.125;24.25;24.125;573;202;0;
784;2024.10.08 11:45;4;24.125;24.25;24.125;573;202;0;
785;2024.10.08 12:00;4;24.125;24.25;24.125;573;202;0;
786;2024.10.08 12:15;4;24.125;24.25;24.125;573;202;0;
787;2024.10.08 12:30;4;24.125;24.1875;24.125;573;202;0;
788;2024.10.08 12:45;4;24.0625;24.1875;24.125;573;202;0;
789;2024.10.08 13:00;4;24.0625;24.125;24.125;573;202;0;
790;2024.10.08 13:15;4;24;24.125;24.0625;573;202;0;
791;2024.10.08 13:30;4;24;24.125;24;573;202;0;
792;2024.10.08 13:45;4;24;24.125;24;572;202;0;
793;2024.10.08 14:00;4;24;24.0625;23.9375;572;202;0;
794;2024.10.08 14:15;4;23.9375;24.125;23.875;572;202;0;
795;2024.10.08 14:30;4;23.875;24;23.875;572;202;0;
796;2024.10.08 14:45;4;23.875;24;23.875;572;202;0;
797;2024.10.08 15:00;4;23.875;24;23.875;572;202;0;
798;2024.10.08 15:15;4;23.875;24;23.875;572;202;0;
799;2024.10.08 15:30;4;23.875;24;23.875;572;202;0;
800;2024.10.08 15:45;4;23.875;23.9375;23.9375;572;202;0;
801;2024.10.08 16:00;4;23.875;24;24;572;202;0;
802;2024.10.08 16:15;4;23.875;23.9375;24;572;202;0;
803;2024.10.08 16:30;4;23.875;23.9375;24;572;202;0;
804;2024.10.08 16:45;4;23.875;24;24;572;202;0;
805;2024.10.08 17:00;4;23.875;23.9375;24;572;202;0;
806;2024.10.08 17:15;4;23.875;24;24;572;202;0;
807;2024.10.08 17:30;4;23.875;23.9375;24;572;202;0;
808;2024.10.08 17:45;4;23.875;24;24;572;202;0;
809;2024.10.08 18:00;4;23.875;23.9375;24;572;202;0;
810;2024.10.08 18:15;4;23.875;24;24;572;202;0;
811;2024.10.08 18:30;4;23.875;24;24;572;202;0;
812;2024.10.08 18:45;4;23.875;24;24;572;202;0;
813;2024.10.08 19:00;4;23.875;24;24;572;202;0;
814;2024.10.08 19:15;4;23.875;24;24;572;202;0;
815;2024.10.08 19:30;4;23.875;24;24;572;202;0;
816;2024.10.08 19:45;4;23.875;24;24;572;202;0;
817;2024.10.08 20:00;4;23.875;24;24;572;202;0;
818;2024.10.08 20:15;4;23.875;24;24;572;202;0;
819;2024.10.08 20:30;4;23.875;24;24;572;202;0;
820;2024.10.08 20:45;4;23.875;24;24;572;202;0;
821;2024.10.08 21:00;4;23.875;24;24;572;202;0;
822;2024.10.08 21:15;4;23.875;24;24.0625;572;202;0;
823;2024.10.08 21:30;4;23.875;24;24.125;572;202;0;
824;2024.10.08 21:45;4;23.875;24;24.1875;572;202;0;
825;2024.10.08 22:00;4;23.9375;24;24.25;572;202;0;
826;2024.10.08 22:15;4;24;24.0625;24.3125;572;202;0;
827;2024.10.08 22:30;4;24;24.125;24.375;573;202;0;
828;2024.10.08 22:45;4;24.0625;24.125;24.4375;573;202;0;
829;2024.10.08 23:00;4;24.125;24.1875;24.5;573;202;0;
830;2024.10.08 23:15;4;24.125;24.25;24.625;573;202;0;
831;2024.10.08 23:30;4;24.25;24.3125;24.625;574;202;0;
832;2024.10.08 23:45;4;24.25;24.375;24.75;574;202;0;
833;2024.10.09 00:00;4;24.375;24.4375;24.75;574;202;0;
834;2024.10.09 00:15;4;24.375;24.5;24.8125;575;202;0;
835;2024.10.09 00:30;4;24.4375;24.5;24.875;575;202;0;
836;2024.10.09 00:45;4;24.5;24.625;24.875;575;202;0;
837;2024.10.09 01:00;4;24.5;24.625;24.9375;576;202;0;
838;2024.10.09 01:15;4;24.625;24.6875;25;576;202;0;
839;2024.10.09 01:30;4;24.625;24.75;25;576;202;0;
840;2024.10.09 01:45;4;24.625;24.75;25;576;202;0;
841;2024.10.09 02:00;4;24.75;24.8125;25.0625;576;202;0;
842;2024.10.09 02:15;4;24.75;24.875;25.0625;577;202;0;
843;2024.10.09 02:30;4;24.75;24.875;25.125;577;202;0;
844;2024.10.09 02:45;4;24.8125;24.875;25.125;577;202;0;
845;2024.10.09 03:00;4;24.875;25;25.125;577;202;0;
846;2024.10.09 03:15;4;24.875;25;25.125;577;202;0;
847;2024.10.09 03:30;4;24.875;25;25.125;577;202;0;
848;2024.10.09 03:45;4;24.875;25;25.1875;578;202;0;
849;2024.10.09 04:00;4;24.9375;25.0625;25.1875;578;202;0;
850;2024.10.09 04:15;4;25;25.0625;25.1875;578;202;0;
851;2024.10.09 04:30;4;25;25.0625;25.25;578;202;0;
852;2024.10.09 04:45;4;25;25.125;25.25;578;202;0;
853;2024.10.09 05:00;4;25;25.125;25.25;578;202;0;
854;2024.10.09 05:15;4;25;25.125;25.25;578;202;0;
855;2024.10.09 05:30;4;25;25.125;25.25;578;202;0;
856;2024.10.09 05:45;4;25;25.125;25.25;578;202;0;
857;2024.10.09 06:00;4;25.0625;25.125;25.25;578;202;0;
858;2024.10.09 06:15;4;25.0625;25.1875;25.25;578;202;0;
859;2024.10.09 06:30;4;25.0625;25.125;25.25;578;202;0;
860;2024.10.09 06:45;4;25.0625;25.125;25.25;578;202;0;
861;2024.10.09 07:00;4;25.0625;25.125;25.25;578;202;0;
862;2024.10.09 07:15;4;25.125;25.1875;25.25;578;202;0;
863;2024.10.09 07:30;4;25.125;25.1875;25.1875;578;202;0;
864;2024.10.09 07:45;4;25.0625;25.1875;25.1875;578;202;0;
865;2024.10.09 08:00;4;25.125;25.1875;25.1875;578;202;0;
866;2024.10.09 08:15;4;25.0625;25.1875;25.1875;578;202;0;
867;2024.10.09 08:30;4;25.0625;25.125;25.1875;578;202;0;
868;2024.10.09 08:45;4;25.0625;25.1875;25.125;578;202;0;
869;2024.10.09 09:00;4;25.0625;25.1875;25.125;578;202;0;
870;2024.10.09 09:15;4;25;25.125;25.125;578;202;0;
871;2024.10.09 09:30;4;25;25.125;25.125;578;202;0;
872;2024.10.09 09:45;4;25;25.125;25.125;578;202;0;
873;2024.10.09 10:00;4;25;25.125;25.125;578;202;0;
874;2024.10.09 10:15;4;25;25.125;25.125;578;202;0;
875;2024.10.09 10:30;4;25;25.125;25.0625;578;202;0;
876;2024.10.09 10:45;4;25;25.125;25.0625;577;202;0;
877;2024.10.09 11:00;4;25;25.125;25;577;202;0;
878;2024.10.09 11:15;4;25;25.125;25;577;202;0;
879;2024.10.09 11:30;4;24.9375;25.0625;25;577;202;0;
880;2024.10.09 11:45;4;25;25.0625;25;577;202;0;
881;2024.10.09 12:00;4;24.875;25;25;577;202;0;
882;2024.10.09 12:15;4;24.9375;25.0625;25;577;202;0;
883;2024.10.09 12:30;4;24.9375;25.0625;25;577;202;0;
884;2024.10.09 12:45;4;24.875;25;25;577;202;0;
885;2024.10.09 13:00;4;24.875;25;25;577;202;0;
886;2024.10.09 13:15;4;24.875;25;25;577;202;0;
887;2024.10.09 13:30;4;24.875;25;25;577;202;0;
888;2024.10.09 13:45;4;24.875;25;25;577;202;0;
889;2024.10.09 14:00;4;24.875;25;24.875;577;202;0;
890;2024.10.09 14:15;4;24.875;25;24.875;577;202;0;
891;2024.10.09 14:30;4;24.8125;24.9375;24.75;576;202;0;
892;2024.10.09 14:45;4;24.75;24.875;24.625;576;202;0;
893;2024.10.09 15:00;4;24.75;24.875;24.625;576;202;0;
894;2024.10.09 15:15;4;24.6875;24.8125;24.5;576;202;0;
895;2024.10.09 15:30;4;24.625;24.75;24.375;575;202;0;
896;2024.10.09 15:45;4;24.625;24.625;24.375;575;202;0;
897;2024.10.09 16:00;4;24.5;24.625;24.25;574;202;0;
898;2024.10.09 16:15;4;24.5;24.625;24.25;574;202;0;
899;2024.10.09 16:30;4;24.375;24.5;24.125;574;202;0;
900;2024.10.09 16:45;4;24.375;24.4375;24.125;573;202;0;
901;2024.10.09 17:00;4;24.25;24.375;24.0625;573;202;0;
902;2024.10.09 17:15;4;24.25;24.3125;24;573;202;0;
903;2024.10.09 17:30;4;24.1875;24.25;24;572;202;0;
904;2024.10.09 17:45;4;24.125;24.25;24;572;202;0;
905;2024.10.09 18:00;4;24.125;24.25;24.0625;572;202;0;
906;2024.10.09 18:15;4;24.125;24.1875;24.125;572;202;0;
907;2024.10.09 18:30;4;24.125;24.25;24.125;572;202;0;
908;2024.10.09 18:45;4;24.125;24.1875;24.25;572;202;0;
909;2024.10.09 19:00;4;24.125;24.25;24.25;572;202;0;
910;2024.10.09 19:15;4;24.125;24.25;24.375;572;202;0;
911;2024.10.09 19:30;4;24.1875;24.25;24.5;573;202;0;
